2019-06-28 05:00:00,14.79,14.92,0.08
2019-06-28 07:00:00,14.72,14.89,0.08
2019-06-28 09:00:00,14.76,14.87,0.08
2019-06-28 11:00:00,14.72,14.81,0.08
2019-06-28 13:00:00,14.61,14.76,0.08
2019-06-28 15:00:00,14.62,14.70,0.08
2019-06-28 17:00:00,14.66,14.72,0.08
2019-06-28 19:00:00,14.63,14.73,0.08
2019-07-01 05:00:00,14.05,14.21,0.08
2019-07-01 07:00:00,13.98,14.15,0.08
2019-07-01 09:00:00,14.05,14.15,0.08
2019-07-01 11:00:00,14.01,14.11,0.08
2019-07-01 13:00:00,13.98,14.09,0.08
2019-07-01 15:00:00,14.01,14.19,0.08
2019-07-01 17:00:00,14.18,14.27,0.08
2019-07-01 19:00:00,14.07,14.22,0.08
2019-07-02 05:00:00,13.99,14.13,0.08
2019-07-02 07:00:00,13.92,14.04,0.08
2019-07-02 09:00:00,13.92,14.04,0.08
2019-07-02 11:00:00,13.90,14.00,0.08
2019-07-02 13:00:00,13.73,13.90,0.08
2019-07-02 15:00:00,13.71,13.93,0.08
2019-07-02 17:00:00,13.74,13.90,0.08
2019-07-02 19:00:00,13.65,13.74,0.08
2019-07-03 05:00:00,13.71,13.72,0.08
2019-07-03 07:00:00,13.47,13.74,0.08
2019-07-03 09:00:00,13.45,13.53,0.08
2019-07-03 11:00:00,13.43,13.57,0.08
2019-07-03 13:00:00,13.43,13.55,0.08
2019-07-03 15:00:00,13.48,13.58,0.08
2019-07-03 17:00:00,13.44,13.49,0.08
2019-07-03 19:00:00,13.34,13.47,0.15
2019-07-04 05:00:00,13.44,13.52,0.08
2019-07-04 07:00:00,13.46,13.59,0.08
2019-07-04 09:00:00,13.54,13.62,0.08
2019-07-04 11:00:00,13.61,13.71,0.08
2019-07-04 13:00:00,13.63,13.75,0.08
2019-07-04 15:00:00,13.59,13.65,0.08
2019-07-04 17:00:00,13.58,13.59,0.08
2019-07-04 19:00:00,13.58,13.63,0.08
2019-07-05 05:00:00,13.60,13.72,0.16
2019-07-05 07:00:00,13.66,13.83,0.08
2019-07-05 09:00:00,13.72,13.82,0.08
2019-07-05 11:00:00,13.75,13.94,0.08
2019-07-05 13:00:00,13.87,14.26,0.08
2019-07-05 15:00:00,13.87,14.16,0.08
2019-07-05 17:00:00,13.74,13.95,0.08
2019-07-05 19:00:00,13.75,13.96,0.11
2019-07-08 05:00:00,14.18,14.25,0.08
2019-07-08 07:00:00,14.08,14.25,0.08
2019-07-08 09:00:00,14.09,14.19,0.08
2019-07-08 11:00:00,14.05,14.16,0.08
2019-07-08 13:00:00,14.12,14.25,0.08
2019-07-08 15:00:00,14.11,14.21,0.08
2019-07-08 17:00:00,14.06,14.18,0.08
2019-07-08 19:00:00,14.01,14.12,0.08
2019-07-09 05:00:00,14.36,14.45,0.08
2019-07-09 07:00:00,14.31,14.71,0.08
2019-07-09 09:00:00,14.38,14.58,0.08
2019-07-09 11:00:00,14.33,14.45,0.08
2019-07-09 13:00:00,14.23,14.46,0.08
2019-07-09 15:00:00,14.17,14.28,0.08
2019-07-09 17:00:00,14.18,14.23,0.08
2019-07-09 19:00:00,14.21,14.26,0.08
2019-07-10 05:00:00,14.26,14.31,0.08
2019-07-10 07:00:00,14.28,14.41,0.08
2019-07-10 09:00:00,14.35,14.46,0.08
2019-07-10 11:00:00,14.09,14.46,0.08
2019-07-10 13:00:00,13.95,14.21,0.08
2019-07-10 15:00:00,14.04,14.22,0.08
2019-07-10 17:00:00,14.02,14.07,0.08
2019-07-10 19:00:00,14.01,14.06,0.08
2019-07-11 05:00:00,13.95,14.02,0.08
2019-07-11 07:00:00,13.92,14.03,0.08
2019-07-11 09:00:00,13.86,14.08,0.08
2019-07-11 11:00:00,13.88,13.98,0.08
2019-07-11 13:00:00,13.82,14.09,0.08
2019-07-11 15:00:00,13.82,13.99,0.08
2019-07-11 17:00:00,13.88,14.05,0.08
2019-07-11 19:00:00,13.91,13.99,0.08
2019-07-12 05:00:00,13.80,13.91,0.08
2019-07-12 07:00:00,13.80,13.94,0.08
2019-07-12 09:00:00,13.85,13.96,0.08
2019-07-12 11:00:00,13.91,13.97,0.08
2019-07-12 13:00:00,13.92,14.10,0.08
2019-07-12 15:00:00,13.89,14.09,0.08
2019-07-12 17:00:00,13.94,13.99,0.08
2019-07-12 19:00:00,13.95,14.04,0.08
2019-07-15 05:00:00,13.94,14.04,0.08
2019-07-15 07:00:00,13.88,14.09,0.08
2019-07-15 09:00:00,13.93,14.10,0.08
2019-07-15 11:00:00,13.90,14.01,0.08
2019-07-15 13:00:00,13.96,14.08,0.08
2019-07-15 15:00:00,13.96,14.06,0.08
2019-07-15 17:00:00,14.02,14.07,0.08
2019-07-15 19:00:00,14.00,14.12,0.16
2019-07-16 05:00:00,14.04,14.09,0.08
2019-07-16 07:00:00,13.94,14.09,0.08
2019-07-16 09:00:00,13.89,13.99,0.08
2019-07-16 11:00:00,13.75,13.90,0.08
2019-07-16 13:00:00,13.70,13.90,0.08
2019-07-16 15:00:00,13.75,13.95,0.08
2019-07-16 17:00:00,13.83,13.97,0.14
2019-07-16 19:00:00,13.82,13.99,0.17
2019-07-17 05:00:00,13.83,14.02,0.08
2019-07-17 07:00:00,13.78,13.88,0.08
2019-07-17 09:00:00,13.83,13.94,0.08
2019-07-17 11:00:00,13.89,13.98,0.08
2019-07-17 13:00:00,13.94,14.33,0.08
2019-07-17 15:00:00,14.14,14.34,0.08
2019-07-17 17:00:00,14.19,14.25,0.08
2019-07-17 19:00:00,14.20,14.35,0.08
2019-07-18 05:00:00,14.60,14.66,0.08
2019-07-18 07:00:00,14.41,14.75,0.08
2019-07-18 09:00:00,14.32,14.56,0.08
2019-07-18 11:00:00,14.32,14.47,0.08
2019-07-18 13:00:00,14.32,14.42,0.08
2019-07-18 15:00:00,14.37,14.66,0.08
2019-07-18 17:00:00,14.28,14.53,0.08
2019-07-18 19:00:00,14.21,14.46,0.11
2019-07-19 05:00:00,14.18,14.30,0.12
2019-07-19 07:00:00,14.18,14.30,0.08
2019-07-19 09:00:00,14.26,14.70,0.08
2019-07-19 11:00:00,14.47,14.78,0.08
2019-07-19 13:00:00,14.32,14.51,0.08
2019-07-19 15:00:00,14.13,14.37,0.08
2019-07-19 17:00:00,14.08,14.31,0.08
2019-07-19 19:00:00,14.23,14.49,0.17
2019-07-22 05:00:00,14.42,14.52,0.08
2019-07-22 07:00:00,14.28,14.47,0.08
2019-07-22 09:00:00,14.25,14.39,0.08
2019-07-22 11:00:00,14.20,14.31,0.08
2019-07-22 13:00:00,14.22,14.39,0.08
2019-07-22 15:00:00,14.32,14.43,0.08
2019-07-22 17:00:00,14.28,14.38,0.08
2019-07-22 19:00:00,14.22,14.37,0.10
2019-07-23 05:00:00,14.17,14.27,0.08
2019-07-23 07:00:00,14.07,14.25,0.08
2019-07-23 09:00:00,14.01,14.11,0.08
2019-07-23 11:00:00,13.93,14.02,0.08
2019-07-23 13:00:00,13.92,14.02,0.08
2019-07-23 15:00:00,13.97,14.16,0.08
2019-07-23 17:00:00,14.01,14.11,0.08
2019-07-23 19:00:00,13.93,14.03,0.08
2019-07-24 05:00:00,14.07,14.12,0.08
2019-07-24 07:00:00,14.07,14.21,0.08
2019-07-24 09:00:00,14.13,14.19,0.08
2019-07-24 11:00:00,14.13,14.18,0.08
2019-07-24 13:00:00,14.08,14.22,0.08
2019-07-24 15:00:00,13.94,14.10,0.08
2019-07-24 17:00:00,13.90,13.99,0.08
2019-07-24 19:00:00,13.83,13.96,0.14
2019-07-25 05:00:00,13.87,14.01,0.14
2019-07-25 07:00:00,13.92,14.06,0.08
2019-07-25 09:00:00,13.95,14.10,0.08
2019-07-25 11:00:00,13.72,14.07,0.08
2019-07-25 13:00:00,13.79,14.67,0.08
2019-07-25 15:00:00,14.12,14.42,0.08
2019-07-25 17:00:00,14.18,14.35,0.08
2019-07-25 19:00:00,14.18,14.34,0.15
2019-07-26 05:00:00,14.08,14.23,0.08
2019-07-26 07:00:00,14.02,14.22,0.08
2019-07-26 09:00:00,13.87,14.02,0.08
2019-07-26 11:00:00,13.97,14.09,0.08
2019-07-26 13:00:00,13.87,14.01,0.08
2019-07-26 15:00:00,13.83,13.93,0.08
2019-07-26 17:00:00,13.87,13.89,0.08
2019-07-26 19:00:00,13.84,13.93,0.15
2019-07-29 05:00:00,14.01,14.12,0.14
2019-07-29 07:00:00,13.81,14.04,0.08
2019-07-29 09:00:00,13.87,14.00,0.08
2019-07-29 11:00:00,13.77,13.88,0.08
2019-07-29 13:00:00,13.74,13.90,0.08
2019-07-29 15:00:00,13.77,13.96,0.08
2019-07-29 17:00:00,13.78,13.89,0.14
2019-07-29 19:00:00,13.78,13.91,0.18
2019-07-30 05:00:00,13.78,13.89,0.14
2019-07-30 07:00:00,13.85,14.21,0.08
2019-07-30 09:00:00,14.03,14.24,0.08
2019-07-30 11:00:00,14.19,14.63,0.08
2019-07-30 13:00:00,14.48,14.66,0.08
2019-07-30 15:00:00,14.36,14.60,0.08
2019-07-30 17:00:00,14.46,14.62,0.12
2019-07-30 19:00:00,14.54,14.62,0.25
2019-07-31 05:00:00,14.34,14.58,0.08
2019-07-31 07:00:00,14.23,14.52,0.08
2019-07-31 09:00:00,14.29,14.42,0.08
2019-07-31 11:00:00,14.27,14.40,0.08
2019-07-31 13:00:00,14.31,14.43,0.08
2019-07-31 15:00:00,14.30,14.51,0.08
2019-07-31 17:00:00,14.25,15.16,0.08
2019-07-31 19:00:00,14.47,14.89,0.18
2019-08-01 05:00:00,14.60,14.74,0.12
2019-08-01 07:00:00,14.44,14.72,0.08
2019-08-01 09:00:00,14.40,14.65,0.08
2019-08-01 11:00:00,14.66,14.85,0.08
2019-08-01 13:00:00,14.70,14.99,0.08
2019-08-01 15:00:00,14.50,14.85,0.08
2019-08-01 17:00:00,14.55,16.49,0.08
2019-08-01 19:00:00,15.39,16.15,0.18
2019-08-02 05:00:00,15.77,16.09,0.19
2019-08-02 07:00:00,15.81,16.28,0.08
2019-08-02 09:00:00,15.90,16.16,0.08
2019-08-02 11:00:00,16.05,16.38,0.08
2019-08-02 13:00:00,16.00,16.90,0.08
2019-08-02 15:00:00,16.55,16.96,0.08
2019-08-02 17:00:00,16.61,17.01,0.11
2019-08-02 19:00:00,16.49,16.92,0.27
2019-08-05 05:00:00,16.99,17.34,0.13
2019-08-05 07:00:00,16.98,18.04,0.08
2019-08-05 09:00:00,17.54,18.01,0.08
2019-08-05 11:00:00,17.77,18.03,0.08
2019-08-05 13:00:00,17.85,18.19,0.08
2019-08-05 15:00:00,17.83,18.48,0.08
2019-08-05 17:00:00,18.10,18.82,0.08
2019-08-05 19:00:00,18.48,19.08,0.16
2019-08-06 05:00:00,18.09,18.44,0.08
2019-08-06 07:00:00,17.84,18.29,0.08
2019-08-06 09:00:00,17.63,17.93,0.08
2019-08-06 11:00:00,17.90,18.11,0.08
2019-08-06 13:00:00,17.75,18.28,0.08
2019-08-06 15:00:00,18.23,18.75,0.08
2019-08-06 17:00:00,18.08,18.64,0.08
2019-08-06 19:00:00,17.85,18.29,0.12
2019-08-07 05:00:00,18.10,18.31,0.08
2019-08-07 07:00:00,17.77,18.25,0.08
2019-08-07 09:00:00,17.61,17.82,0.08
2019-08-07 11:00:00,17.78,18.63,0.08
2019-08-07 13:00:00,18.54,19.04,0.08
2019-08-07 15:00:00,18.50,18.82,0.11
2019-08-07 17:00:00,18.08,18.59,0.18
2019-08-07 19:00:00,17.87,18.30,0.13
2019-08-08 05:00:00,17.65,17.88,0.08
2019-08-08 07:00:00,17.64,18.16,0.08
2019-08-08 09:00:00,17.67,18.01,0.08
2019-08-08 11:00:00,17.77,18.01,0.08
2019-08-08 13:00:00,17.10,17.81,0.08
2019-08-08 15:00:00,16.88,17.29,0.08
2019-08-08 17:00:00,16.94,17.12,0.08
2019-08-08 19:00:00,16.84,17.12,0.08
2019-08-09 05:00:00,17.05,17.38,0.15
2019-08-09 07:00:00,17.23,17.76,0.08
2019-08-09 09:00:00,17.44,17.70,0.08
2019-08-09 11:00:00,17.48,17.63,0.08
2019-08-09 13:00:00,17.32,17.83,0.08
2019-08-09 15:00:00,17.53,17.91,0.08
2019-08-09 17:00:00,17.36,17.67,0.08
2019-08-09 19:00:00,17.30,17.70,0.12
2019-08-12 05:00:00,17.47,17.64,0.08
2019-08-12 07:00:00,17.12,17.71,0.08
2019-08-12 09:00:00,17.59,17.98,0.08
2019-08-12 11:00:00,17.79,18.02,0.08
2019-08-12 13:00:00,17.79,18.17,0.08
2019-08-12 15:00:00,17.93,18.18,0.08
2019-08-12 17:00:00,18.00,18.60,0.12
2019-08-12 19:00:00,18.37,18.66,0.14
2019-08-13 05:00:00,18.38,18.71,0.14
2019-08-13 07:00:00,18.43,18.81,0.08
2019-08-13 09:00:00,18.44,18.90,0.08
2019-08-13 11:00:00,18.44,18.72,0.08
2019-08-13 13:00:00,17.35,18.71,0.08
2019-08-13 15:00:00,17.21,17.79,0.08
2019-08-13 17:00:00,17.23,17.50,0.08
2019-08-13 19:00:00,17.30,17.52,0.27
2019-08-14 05:00:00,17.16,17.44,0.12
2019-08-14 07:00:00,17.22,17.58,0.08
2019-08-14 09:00:00,17.43,18.19,0.08
2019-08-14 11:00:00,18.09,18.70,0.08
2019-08-14 13:00:00,18.36,19.36,0.08
2019-08-14 15:00:00,19.21,19.72,0.08
2019-08-14 17:00:00,19.33,19.84,0.08
2019-08-14 19:00:00,19.28,19.98,0.14
2019-08-15 05:00:00,18.91,19.29,0.08
2019-08-15 07:00:00,18.96,19.53,0.08
2019-08-15 09:00:00,19.44,20.86,0.08
2019-08-15 11:00:00,19.33,20.52,0.08
2019-08-15 13:00:00,19.42,20.01,0.08
2019-08-15 15:00:00,19.40,19.84,0.08
2019-08-15 17:00:00,19.61,20.21,0.08
2019-08-15 19:00:00,19.59,19.76,0.12
2019-08-16 05:00:00,19.07,19.24,0.08
2019-08-16 07:00:00,18.69,19.22,0.08
2019-08-16 09:00:00,18.61,18.99,0.08
2019-08-16 11:00:00,18.76,19.02,0.08
2019-08-16 13:00:00,18.51,19.13,0.08
2019-08-16 15:00:00,18.44,18.69,0.08
2019-08-16 17:00:00,18.35,18.57,0.08
2019-08-16 19:00:00,18.14,18.45,0.19
2019-08-19 05:00:00,17.62,17.91,0.08
2019-08-19 07:00:00,17.41,17.84,0.08
2019-08-19 09:00:00,17.38,17.79,0.08
2019-08-19 11:00:00,17.43,17.63,0.08
2019-08-19 13:00:00,17.41,17.68,0.08
2019-08-19 15:00:00,17.28,17.48,0.08
2019-08-19 17:00:00,17.23,17.35,0.08
2019-08-19 19:00:00,17.13,17.28,0.08
2019-08-20 05:00:00,16.94,17.19,0.08
2019-08-20 07:00:00,16.84,17.14,0.08
2019-08-20 09:00:00,16.90,17.05,0.08
2019-08-20 11:00:00,16.95,17.15,0.08
2019-08-20 13:00:00,17.15,17.61,0.08
2019-08-20 15:00:00,17.11,17.33,0.08
2019-08-20 17:00:00,17.11,17.47,0.08
2019-08-20 19:00:00,17.24,17.47,0.19
2019-08-21 05:00:00,17.15,17.27,0.08
2019-08-21 07:00:00,16.76,17.22,0.08
2019-08-21 09:00:00,16.83,17.08,0.08
2019-08-21 11:00:00,16.85,17.09,0.08
2019-08-21 13:00:00,16.84,17.00,0.08
2019-08-21 15:00:00,16.71,16.95,0.08
2019-08-21 17:00:00,16.72,16.84,0.08
2019-08-21 19:00:00,16.66,16.80,0.12
2019-08-22 05:00:00,16.81,17.00,0.08
2019-08-22 07:00:00,16.66,17.00,0.08
2019-08-22 09:00:00,16.83,17.20,0.08
2019-08-22 11:00:00,16.71,17.10,0.08
2019-08-22 13:00:00,16.76,17.80,0.08
2019-08-22 15:00:00,17.11,17.70,0.08
2019-08-22 17:00:00,17.06,17.31,0.08
2019-08-22 19:00:00,17.11,17.32,0.14
2019-08-23 05:00:00,16.87,17.08,0.14
2019-08-23 07:00:00,16.96,17.20,0.08
2019-08-23 09:00:00,16.97,17.26,0.08
2019-08-23 11:00:00,17.02,18.11,0.08
2019-08-23 13:00:00,17.13,17.91,0.08
2019-08-23 15:00:00,17.27,18.92,0.08
2019-08-23 17:00:00,18.77,19.05,0.08
2019-08-23 19:00:00,18.82,19.45,0.21
2019-08-26 05:00:00,18.87,19.35,0.08
2019-08-26 07:00:00,18.33,19.19,0.08
2019-08-26 09:00:00,18.16,18.69,0.08
2019-08-26 11:00:00,18.07,18.50,0.08
2019-08-26 13:00:00,18.14,19.03,0.08
2019-08-26 15:00:00,18.69,19.10,0.08
2019-08-26 17:00:00,18.65,18.99,0.08
2019-08-26 19:00:00,18.70,19.01,0.23
2019-08-27 05:00:00,18.72,18.95,0.10
2019-08-27 07:00:00,18.83,19.14,0.08
2019-08-27 09:00:00,18.56,19.04,0.08
2019-08-27 11:00:00,18.31,18.68,0.08
2019-08-27 13:00:00,18.19,18.57,0.08
2019-08-27 15:00:00,18.50,19.15,0.08
2019-08-27 17:00:00,18.78,19.16,0.10
2019-08-27 19:00:00,18.66,18.94,0.12
2019-08-28 05:00:00,18.69,18.84,0.14
2019-08-28 07:00:00,18.78,19.25,0.08
2019-08-28 09:00:00,18.92,19.25,0.08
2019-08-28 11:00:00,19.13,19.52,0.08
2019-08-28 13:00:00,18.99,19.49,0.08
2019-08-28 15:00:00,18.81,19.08,0.08
2019-08-28 17:00:00,18.78,19.03,0.08
2019-08-28 19:00:00,18.66,18.94,0.15
2019-08-29 05:00:00,18.84,19.00,0.08
2019-08-29 07:00:00,18.41,18.98,0.08
2019-08-29 09:00:00,18.13,18.45,0.08
2019-08-29 11:00:00,18.06,18.26,0.08
2019-08-29 13:00:00,17.99,18.41,0.08
2019-08-29 15:00:00,17.65,18.06,0.08
2019-08-29 17:00:00,17.67,17.76,0.08
2019-08-29 19:00:00,17.68,17.86,0.08
2019-08-30 05:00:00,17.73,17.91,0.16
2019-08-30 07:00:00,17.46,17.84,0.08
2019-08-30 09:00:00,17.42,17.56,0.08
2019-08-30 11:00:00,17.44,17.58,0.08
2019-08-30 13:00:00,17.40,17.70,0.08
2019-08-30 15:00:00,17.65,18.17,0.08
2019-08-30 17:00:00,17.89,18.08,0.08
2019-08-30 19:00:00,17.81,18.10,0.22
2019-09-02 05:00:00,18.18,18.34,0.20
2019-09-02 07:00:00,18.06,18.24,0.08
2019-09-02 09:00:00,17.99,18.18,0.08
2019-09-02 11:00:00,18.04,18.22,0.08
2019-09-02 13:00:00,18.22,18.50,0.08
2019-09-02 15:00:00,18.28,18.74,0.08
2019-09-02 17:00:00,18.45,18.64,0.11
2019-09-02 19:00:00,18.50,18.60,0.26
2019-09-03 05:00:00,18.32,18.82,0.20
2019-09-03 07:00:00,18.63,19.00,0.08
2019-09-03 09:00:00,18.65,18.97,0.08
2019-09-03 11:00:00,18.64,18.88,0.08
2019-09-03 13:00:00,18.58,19.30,0.08
2019-09-03 15:00:00,18.68,19.03,0.08
2019-09-03 17:00:00,18.85,18.98,0.08
2019-09-03 19:00:00,18.83,19.04,0.22
2019-09-04 05:00:00,18.30,18.47,0.08
2019-09-04 07:00:00,17.81,18.38,0.08
2019-09-04 09:00:00,17.79,18.01,0.08
2019-09-04 11:00:00,17.77,17.91,0.08
2019-09-04 13:00:00,17.77,18.10,0.08
2019-09-04 15:00:00,17.73,18.04,0.11
2019-09-04 17:00:00,17.73,17.88,0.08
2019-09-04 19:00:00,17.61,17.84,0.08
2019-09-05 05:00:00,16.95,17.44,0.29
2019-09-05 07:00:00,17.20,17.40,0.08
2019-09-05 09:00:00,17.11,17.33,0.08
2019-09-05 11:00:00,17.04,17.14,0.08
2019-09-05 13:00:00,16.93,17.13,0.08
2019-09-05 15:00:00,16.93,17.08,0.08
2019-09-05 17:00:00,16.89,17.02,0.14
2019-09-05 19:00:00,16.85,16.98,0.12
2019-09-06 05:00:00,16.93,17.09,0.11
2019-09-06 07:00:00,16.67,17.05,0.08
2019-09-06 09:00:00,16.54,16.79,0.08
2019-09-06 11:00:00,16.56,16.79,0.08
2019-09-06 13:00:00,16.45,16.74,0.08
2019-09-06 15:00:00,16.43,16.59,0.08
2019-09-06 17:00:00,16.37,16.45,0.08
2019-09-06 19:00:00,16.25,16.41,0.16
2019-09-09 05:00:00,16.29,16.46,0.10
2019-09-09 07:00:00,16.30,16.54,0.08
2019-09-09 09:00:00,16.35,16.48,0.08
2019-09-09 11:00:00,16.33,16.51,0.08
2019-09-09 13:00:00,16.32,16.55,0.08
2019-09-09 15:00:00,16.43,16.79,0.08
2019-09-09 17:00:00,16.60,16.77,0.09
2019-09-09 19:00:00,16.52,16.72,0.15
2019-09-10 05:00:00,16.55,16.70,0.08
2019-09-10 07:00:00,16.45,16.91,0.08
2019-09-10 09:00:00,16.60,16.84,0.08
2019-09-10 11:00:00,16.50,16.68,0.08
2019-09-10 13:00:00,16.53,16.77,0.08
2019-09-10 15:00:00,16.32,16.63,0.08
2019-09-10 17:00:00,16.40,16.66,0.08
2019-09-10 19:00:00,16.45,16.66,0.17
2019-09-11 05:00:00,16.34,16.49,0.12
2019-09-11 07:00:00,16.26,16.44,0.08
2019-09-11 09:00:00,16.41,16.53,0.08
2019-09-11 11:00:00,16.42,16.52,0.08
2019-09-11 13:00:00,16.28,16.64,0.08
2019-09-11 15:00:00,16.27,16.43,0.08
2019-09-11 17:00:00,16.41,16.49,0.08
2019-09-11 19:00:00,16.36,16.53,0.15
2019-09-12 05:00:00,16.33,16.46,0.13
2019-09-12 07:00:00,16.25,16.49,0.08
2019-09-12 09:00:00,16.35,16.51,0.08
2019-09-12 11:00:00,15.85,16.47,0.08
2019-09-12 13:00:00,15.84,16.36,0.08
2019-09-12 15:00:00,15.72,16.08,0.08
2019-09-12 17:00:00,15.71,15.88,0.08
2019-09-12 19:00:00,15.71,15.87,0.18
2019-09-13 05:00:00,15.75,15.88,0.11
2019-09-13 07:00:00,15.66,15.86,0.08
2019-09-13 09:00:00,15.63,15.81,0.08
2019-09-13 11:00:00,15.53,15.81,0.08
2019-09-13 13:00:00,15.58,15.85,0.08
2019-09-13 15:00:00,15.49,15.70,0.08
2019-09-13 17:00:00,15.65,15.74,0.08
2019-09-13 19:00:00,15.64,15.80,0.15
2019-09-16 05:00:00,16.09,16.30,0.11
2019-09-16 07:00:00,16.01,16.30,0.08
2019-09-16 09:00:00,16.20,16.35,0.08
2019-09-16 11:00:00,16.20,16.30,0.08
2019-09-16 13:00:00,16.10,16.31,0.08
2019-09-16 15:00:00,16.06,16.41,0.08
2019-09-16 17:00:00,16.14,16.31,0.08
2019-09-16 19:00:00,16.17,16.37,0.08
2019-09-17 05:00:00,16.32,16.46,0.14
2019-09-17 07:00:00,16.25,16.52,0.08
2019-09-17 09:00:00,16.38,16.53,0.08
2019-09-17 11:00:00,16.43,16.67,0.08
2019-09-17 13:00:00,16.38,16.63,0.08
2019-09-17 15:00:00,16.43,16.58,0.08
2019-09-17 17:00:00,16.46,16.53,0.08
2019-09-17 19:00:00,16.43,16.48,0.08
2019-09-18 05:00:00,16.43,16.61,0.08
2019-09-18 07:00:00,16.43,16.53,0.08
2019-09-18 09:00:00,16.39,16.53,0.08
2019-09-18 11:00:00,16.43,16.53,0.08
2019-09-18 13:00:00,16.43,16.68,0.08
2019-09-18 15:00:00,16.39,16.58,0.08
2019-09-18 17:00:00,16.34,16.68,0.08
2019-09-18 19:00:00,16.14,16.51,0.14
2019-09-19 05:00:00,16.32,16.44,0.08
2019-09-19 07:00:00,16.10,16.53,0.08
2019-09-19 09:00:00,16.10,16.34,0.08
2019-09-19 11:00:00,16.10,16.29,0.08
2019-09-19 13:00:00,15.72,16.20,0.08
2019-09-19 15:00:00,15.58,15.77,0.08
2019-09-19 17:00:00,15.68,15.78,0.08
2019-09-19 19:00:00,15.73,15.96,0.08
2019-09-20 05:00:00,15.68,15.86,0.08
2019-09-20 07:00:00,15.67,15.91,0.08
2019-09-20 09:00:00,15.66,15.91,0.08
2019-09-20 11:00:00,15.66,15.78,0.08
2019-09-20 13:00:00,15.50,15.68,0.08
2019-09-20 15:00:00,15.63,15.93,0.08
2019-09-20 17:00:00,15.84,16.35,0.08
2019-09-20 19:00:00,16.09,16.35,0.08
2019-09-23 05:00:00,16.03,16.18,0.08
2019-09-23 07:00:00,15.99,16.95,0.08
2019-09-23 09:00:00,16.53,16.87,0.08
2019-09-23 11:00:00,16.55,16.67,0.08
2019-09-23 13:00:00,16.58,16.76,0.08
2019-09-23 15:00:00,16.44,16.66,0.08
2019-09-23 17:00:00,16.40,16.49,0.08
2019-09-23 19:00:00,16.40,16.54,0.08
2019-09-24 05:00:00,16.32,16.44,0.08
2019-09-24 07:00:00,16.26,16.37,0.08
2019-09-24 09:00:00,16.06,16.27,0.08
2019-09-24 11:00:00,16.15,16.26,0.08
2019-09-24 13:00:00,16.19,16.52,0.08
2019-09-24 15:00:00,16.52,17.29,0.08
2019-09-24 17:00:00,16.77,17.31,0.08
2019-09-24 19:00:00,16.96,17.30,0.17
2019-09-25 05:00:00,16.91,17.13,0.21
2019-09-25 07:00:00,17.05,17.55,0.08
2019-09-25 09:00:00,17.20,17.58,0.08
2019-09-25 11:00:00,17.22,17.43,0.08
2019-09-25 13:00:00,17.12,17.71,0.08
2019-09-25 15:00:00,17.09,17.32,0.08
2019-09-25 17:00:00,17.04,17.25,0.08
2019-09-25 19:00:00,16.98,17.18,0.14
2019-09-26 05:00:00,17.05,17.21,0.16
2019-09-26 07:00:00,16.67,17.18,0.08
2019-09-26 09:00:00,16.66,16.84,0.08
2019-09-26 11:00:00,16.68,16.85,0.08
2019-09-26 13:00:00,16.74,17.04,0.08
2019-09-26 15:00:00,16.87,17.19,0.08
2019-09-26 17:00:00,16.85,17.10,0.12
2019-09-26 19:00:00,16.70,17.02,0.15
2019-09-27 05:00:00,16.72,16.88,0.12
2019-09-27 07:00:00,16.68,16.88,0.08
2019-09-27 09:00:00,16.56,16.77,0.08
2019-09-27 11:00:00,16.61,16.80,0.08
2019-09-27 13:00:00,16.66,16.91,0.08
2019-09-27 15:00:00,16.70,17.34,0.08
2019-09-27 17:00:00,17.12,17.70,0.08
2019-09-27 19:00:00,17.29,17.64,0.17
2019-09-30 05:00:00,16.99,17.28,0.08
2019-09-30 07:00:00,16.88,17.12,0.08
2019-09-30 09:00:00,16.81,16.97,0.08
2019-09-30 11:00:00,16.87,17.03,0.08
2019-09-30 13:00:00,16.79,17.02,0.08
2019-09-30 15:00:00,16.66,16.84,0.08
2019-09-30 17:00:00,16.65,16.76,0.08
2019-09-30 19:00:00,16.75,16.80,0.08
2019-10-01 05:00:00,16.43,16.55,0.14
2019-10-01 07:00:00,16.41,16.64,0.08
2019-10-01 09:00:00,16.47,16.69,0.08
2019-10-01 11:00:00,16.54,16.74,0.08
2019-10-01 13:00:00,16.49,17.21,0.08
2019-10-01 15:00:00,17.14,17.39,0.08
2019-10-01 17:00:00,17.30,17.48,0.14
2019-10-01 19:00:00,17.26,17.49,0.17
2019-10-02 05:00:00,17.33,17.50,0.10
2019-10-02 07:00:00,17.44,18.22,0.08
2019-10-02 09:00:00,17.92,18.36,0.08
2019-10-02 11:00:00,18.06,18.40,0.08
2019-10-02 13:00:00,18.30,19.17,0.08
2019-10-02 15:00:00,18.90,19.49,0.08
2019-10-02 17:00:00,18.91,19.46,0.08
2019-10-02 19:00:00,18.85,19.37,0.08
2019-10-03 07:00:00,18.61,18.87,0.08
2019-10-03 09:00:00,18.71,19.08,0.08
2019-10-03 11:00:00,18.80,19.19,0.08
2019-10-03 13:00:00,18.78,19.54,0.08
2019-10-03 15:00:00,18.61,19.05,0.08
2019-10-03 17:00:00,18.65,18.88,0.10
2019-10-03 19:00:00,18.59,18.83,0.08
2019-10-04 05:00:00,18.53,18.69,0.08
2019-10-04 07:00:00,18.44,18.76,0.08
2019-10-04 09:00:00,18.53,18.98,0.08
2019-10-04 11:00:00,18.22,18.65,0.08
2019-10-04 13:00:00,18.00,18.31,0.08
2019-10-04 15:00:00,17.73,18.10,0.08
2019-10-04 17:00:00,17.73,17.95,0.08
2019-10-04 19:00:00,17.56,17.73,0.08
2019-10-07 05:00:00,17.84,17.93,0.08
2019-10-07 07:00:00,17.66,17.99,0.08
2019-10-07 09:00:00,17.46,17.75,0.08
2019-10-07 11:00:00,17.43,17.71,0.08
2019-10-07 13:00:00,17.56,17.81,0.08
2019-10-07 15:00:00,17.47,17.64,0.08
2019-10-07 17:00:00,17.36,17.81,0.08
2019-10-07 19:00:00,17.56,17.76,0.18
2019-10-08 05:00:00,17.45,17.61,0.08
2019-10-08 07:00:00,17.42,17.77,0.08
2019-10-08 09:00:00,17.63,18.13,0.08
2019-10-08 11:00:00,18.05,18.32,0.08
2019-10-08 13:00:00,18.03,18.42,0.08
2019-10-08 15:00:00,18.16,18.59,0.08
2019-10-08 17:00:00,18.21,18.54,0.08
2019-10-08 19:00:00,18.30,18.97,0.11
2019-10-09 05:00:00,18.50,18.68,0.11
2019-10-09 07:00:00,18.13,18.74,0.08
2019-10-09 09:00:00,17.86,18.28,0.08
2019-10-09 11:00:00,17.92,18.17,0.08
2019-10-09 13:00:00,18.05,18.34,0.08
2019-10-09 15:00:00,18.00,18.27,0.08
2019-10-09 17:00:00,18.01,18.14,0.08
2019-10-09 19:00:00,17.84,18.13,0.08
2019-10-10 05:00:00,18.09,18.26,0.10
2019-10-10 07:00:00,18.03,18.52,0.08
2019-10-10 09:00:00,17.99,18.30,0.08
2019-10-10 11:00:00,18.00,18.28,0.08
2019-10-10 13:00:00,17.31,18.18,0.08
2019-10-10 15:00:00,17.23,17.62,0.08
2019-10-10 17:00:00,17.44,17.74,0.08
2019-10-10 19:00:00,17.43,17.57,0.14
2019-10-11 05:00:00,17.03,17.26,0.10
2019-10-11 07:00:00,16.92,17.21,0.08
2019-10-11 09:00:00,16.85,17.07,0.08
2019-10-11 11:00:00,16.82,17.02,0.08
2019-10-11 13:00:00,16.43,16.88,0.08
2019-10-11 15:00:00,16.38,16.85,0.08
2019-10-11 17:00:00,16.40,16.63,0.08
2019-10-11 19:00:00,16.20,16.55,0.19
2019-10-14 05:00:00,16.45,16.66,0.08
2019-10-14 07:00:00,16.36,16.56,0.08
2019-10-14 09:00:00,16.49,16.87,0.08
2019-10-14 11:00:00,16.57,16.72,0.08
2019-10-14 13:00:00,16.32,16.62,0.08
2019-10-14 15:00:00,16.17,16.47,0.08
2019-10-14 17:00:00,16.17,16.22,0.08
2019-10-14 19:00:00,16.12,16.27,0.08
2019-10-15 05:00:00,15.82,15.99,0.08
2019-10-15 07:00:00,15.68,15.97,0.08
2019-10-15 09:00:00,15.63,15.83,0.08
2019-10-15 11:00:00,15.73,15.87,0.08
2019-10-15 13:00:00,15.28,15.83,0.08
2019-10-15 15:00:00,15.33,15.62,0.08
2019-10-15 17:00:00,15.53,15.58,0.08
2019-10-15 19:00:00,15.53,15.62,0.08
2019-10-16 05:00:00,15.53,15.77,0.08
2019-10-16 07:00:00,15.53,15.92,0.08
2019-10-16 09:00:00,15.67,15.92,0.08
2019-10-16 11:00:00,15.67,15.82,0.08
2019-10-16 13:00:00,15.67,15.92,0.08
2019-10-16 15:00:00,15.72,15.82,0.08
2019-10-16 17:00:00,15.72,15.96,0.08
2019-10-16 19:00:00,15.71,15.89,0.15
2019-10-17 05:00:00,15.79,15.96,0.09
2019-10-17 07:00:00,15.62,15.86,0.08
2019-10-17 09:00:00,15.37,15.86,0.08
2019-10-17 11:00:00,15.58,15.81,0.08
2019-10-17 13:00:00,15.51,15.70,0.08
2019-10-17 15:00:00,15.61,15.88,0.08
2019-10-17 17:00:00,15.68,15.80,0.08
2019-10-17 19:00:00,15.69,15.87,0.10
2019-10-18 05:00:00,15.82,16.00,0.08
2019-10-18 07:00:00,15.65,16.04,0.08
2019-10-18 09:00:00,15.71,15.89,0.08
2019-10-18 11:00:00,15.65,15.79,0.08
2019-10-18 13:00:00,15.65,15.84,0.08
2019-10-18 15:00:00,15.59,16.08,0.08
2019-10-18 17:00:00,15.71,15.98,0.08
2019-10-18 19:00:00,15.67,15.88,0.08
2019-10-21 05:00:00,15.62,15.75,0.08
2019-10-21 07:00:00,15.48,15.79,0.08
2019-10-21 09:00:00,15.38,15.57,0.08
2019-10-21 11:00:00,15.27,15.45,0.08
2019-10-21 13:00:00,15.30,15.43,0.08
2019-10-21 15:00:00,15.29,15.48,0.08
2019-10-21 17:00:00,15.25,15.34,0.08
2019-10-21 19:00:00,15.25,15.36,0.17
2019-10-22 05:00:00,15.17,15.32,0.12
2019-10-22 07:00:00,15.20,15.40,0.08
2019-10-22 09:00:00,15.18,15.44,0.08
2019-10-22 11:00:00,15.40,15.49,0.08
2019-10-22 13:00:00,15.39,15.48,0.08
2019-10-22 15:00:00,15.34,15.43,0.08
2019-10-22 17:00:00,15.35,15.56,0.08
2019-10-22 19:00:00,15.47,15.63,0.08
2019-10-23 05:00:00,15.58,15.70,0.08
2019-10-23 07:00:00,15.43,15.68,0.08
2019-10-23 09:00:00,15.51,15.70,0.08
2019-10-23 11:00:00,15.54,15.66,0.08
2019-10-23 13:00:00,15.38,15.54,0.08
2019-10-23 15:00:00,15.16,15.38,0.08
2019-10-23 17:00:00,15.21,15.31,0.08
2019-10-23 19:00:00,15.24,15.39,0.08
2019-10-24 05:00:00,15.01,15.22,0.08
2019-10-24 07:00:00,14.92,15.20,0.08
2019-10-24 09:00:00,15.10,15.20,0.08
2019-10-24 11:00:00,15.10,15.18,0.08
2019-10-24 13:00:00,15.09,15.36,0.08
2019-10-24 15:00:00,15.04,15.30,0.08
2019-10-24 17:00:00,15.13,15.23,0.08
2019-10-24 19:00:00,15.07,15.15,0.08
2019-10-25 05:00:00,15.05,15.14,0.08
2019-10-25 07:00:00,15.03,15.17,0.08
2019-10-25 09:00:00,15.03,15.22,0.08
2019-10-25 11:00:00,15.08,15.18,0.08
2019-10-25 13:00:00,14.83,15.09,0.08
2019-10-25 15:00:00,14.70,14.85,0.08
2019-10-25 17:00:00,14.67,14.75,0.08
2019-10-25 19:00:00,14.59,14.68,0.08
2019-10-28 06:00:00,14.63,14.72,0.08
2019-10-28 08:00:00,14.57,14.83,0.08
2019-10-28 10:00:00,14.74,14.83,0.08
2019-10-28 12:00:00,14.72,14.80,0.08
2019-10-28 14:00:00,14.80,14.87,0.08
2019-10-28 16:00:00,14.82,14.93,0.08
2019-10-28 18:00:00,14.80,14.87,0.08
2019-10-28 20:00:00,14.82,14.94,0.15
2019-10-29 06:00:00,14.83,14.96,0.12
2019-10-29 08:00:00,14.88,15.17,0.08
2019-10-29 10:00:00,15.04,15.17,0.08
2019-10-29 12:00:00,15.04,15.17,0.08
2019-10-29 14:00:00,15.01,15.19,0.08
2019-10-29 16:00:00,15.06,15.19,0.08
2019-10-29 18:00:00,15.12,15.18,0.08
2019-10-29 20:00:00,15.11,15.25,0.16
2019-10-30 06:00:00,15.15,15.24,0.08
2019-10-30 08:00:00,15.10,15.29,0.08
2019-10-30 10:00:00,15.12,15.23,0.08
2019-10-30 12:00:00,15.05,15.23,0.08
2019-10-30 14:00:00,15.07,15.41,0.08
2019-10-30 16:00:00,15.05,15.21,0.14
2019-10-30 18:00:00,14.75,15.23,0.08
2019-10-30 20:00:00,14.65,14.80,0.10
2019-10-31 06:00:00,14.67,14.82,0.10
2019-10-31 08:00:00,14.68,15.42,0.08
2019-10-31 10:00:00,15.04,15.30,0.08
2019-10-31 12:00:00,14.97,15.07,0.08
2019-10-31 14:00:00,14.99,15.32,0.08
2019-10-31 16:00:00,15.02,15.18,0.08
2019-10-31 18:00:00,15.02,15.19,0.08
2019-10-31 20:00:00,14.88,15.02,0.16
2019-11-01 06:00:00,14.72,14.86,0.14
2019-11-01 08:00:00,14.72,14.87,0.08
2019-11-01 10:00:00,14.75,14.88,0.08
2019-11-01 12:00:00,14.51,14.89,0.08
2019-11-01 14:00:00,14.45,14.62,0.08
2019-11-01 16:00:00,14.38,14.56,0.08
2019-11-01 18:00:00,14.43,14.47,0.08
2019-11-01 20:00:00,14.38,14.57,0.15
2019-11-04 06:00:00,14.26,14.41,0.14
2019-11-04 08:00:00,14.17,14.39,0.08
2019-11-04 10:00:00,14.20,14.32,0.08
2019-11-04 12:00:00,14.23,14.30,0.08
2019-11-04 14:00:00,14.17,14.37,0.08
2019-11-04 16:00:00,14.30,14.42,0.08
2019-11-04 18:00:00,14.28,14.34,0.08
2019-11-04 20:00:00,14.28,14.39,0.14
2019-11-05 06:00:00,14.21,14.38,0.08
2019-11-05 08:00:00,14.23,14.37,0.08
2019-11-05 10:00:00,14.25,14.39,0.08
2019-11-05 12:00:00,14.29,14.39,0.08
2019-11-05 14:00:00,14.32,14.45,0.08
2019-11-05 16:00:00,14.26,14.53,0.08
2019-11-05 18:00:00,14.40,14.47,0.08
2019-11-05 20:00:00,14.43,14.54,0.13
2019-11-06 06:00:00,14.54,14.63,0.08
2019-11-06 08:00:00,14.33,14.63,0.08
2019-11-06 10:00:00,14.44,14.58,0.08
2019-11-06 12:00:00,14.40,14.50,0.08
2019-11-06 14:00:00,14.42,14.57,0.08
2019-11-06 16:00:00,14.42,14.68,0.08
2019-11-06 18:00:00,14.45,14.60,0.08
2019-11-06 20:00:00,14.46,14.54,0.08
2019-11-07 06:00:00,14.18,14.38,0.08
2019-11-07 08:00:00,14.16,14.34,0.08
2019-11-07 10:00:00,14.23,14.28,0.08
2019-11-07 12:00:00,14.25,14.35,0.08
2019-11-07 14:00:00,14.20,14.28,0.08
2019-11-07 16:00:00,14.20,14.36,0.08
2019-11-07 18:00:00,14.28,14.34,0.08
2019-11-07 20:00:00,14.31,14.43,0.12
2019-11-08 06:00:00,14.39,14.53,0.15
2019-11-08 08:00:00,14.39,14.52,0.08
2019-11-08 10:00:00,14.35,14.45,0.08
2019-11-08 12:00:00,14.41,14.55,0.08
2019-11-08 14:00:00,14.33,14.60,0.08
2019-11-08 16:00:00,14.24,14.42,0.08
2019-11-08 20:00:00,14.19,14.26,0.08
2019-11-11 06:00:00,14.48,14.60,0.08
2019-11-11 08:00:00,14.34,14.51,0.08
2019-11-11 10:00:00,14.40,14.59,0.08
2019-11-11 12:00:00,14.43,14.44,0.08
2019-11-11 14:00:00,14.27,14.44,0.08
2019-11-11 16:00:00,14.15,14.28,0.08
2019-11-11 18:00:00,14.12,14.21,0.08
2019-11-11 20:00:00,14.19,14.28,0.08
2019-11-12 06:00:00,14.02,14.20,0.16
2019-11-12 08:00:00,14.11,14.20,0.08
2019-11-12 10:00:00,14.02,14.15,0.08
2019-11-12 12:00:00,14.08,14.14,0.08
2019-11-12 14:00:00,13.94,14.08,0.08
2019-11-12 16:00:00,13.93,14.07,0.08
2019-11-12 18:00:00,14.01,14.10,0.08
2019-11-12 20:00:00,14.03,14.10,0.08
2019-11-13 06:00:00,14.14,14.19,0.08
2019-11-13 08:00:00,14.09,14.52,0.08
2019-11-13 10:00:00,14.31,14.47,0.08
2019-11-13 12:00:00,14.07,14.32,0.08
2019-11-13 14:00:00,14.01,14.23,0.08
2019-11-13 16:00:00,13.98,14.09,0.08
2019-11-13 18:00:00,14.03,14.18,0.11
2019-11-13 20:00:00,14.03,14.16,0.11
2019-11-14 06:00:00,14.03,14.19,0.18
2019-11-14 08:00:00,13.95,14.13,0.08
2019-11-14 10:00:00,13.89,13.99,0.08
2019-11-14 12:00:00,13.90,14.06,0.08
2019-11-14 14:00:00,13.85,14.11,0.08
2019-11-14 16:00:00,13.90,14.21,0.08
2019-11-14 18:00:00,13.89,14.08,0.08
2019-11-14 20:00:00,13.80,13.95,0.08
2019-11-15 06:00:00,13.65,13.79,0.08
2019-11-15 08:00:00,13.63,13.80,0.08
2019-11-15 10:00:00,13.63,13.74,0.08
2019-11-15 12:00:00,13.57,13.66,0.08
2019-11-15 14:00:00,13.46,13.62,0.08
2019-11-15 16:00:00,13.35,13.51,0.08
2019-11-15 18:00:00,13.41,13.55,0.08
2019-11-15 20:00:00,13.34,13.44,0.08
2019-11-18 06:00:00,13.20,13.45,0.08
2019-11-18 08:00:00,13.20,13.40,0.08
2019-11-18 10:00:00,13.21,13.31,0.08
2019-11-18 12:00:00,13.21,13.61,0.08
2019-11-18 14:00:00,13.51,13.71,0.08
2019-11-18 16:00:00,13.36,13.61,0.08
2019-11-18 18:00:00,13.27,13.38,0.17
2019-11-18 20:00:00,13.32,13.40,0.08
2019-11-19 06:00:00,13.22,13.36,0.11
2019-11-19 08:00:00,13.25,13.40,0.08
2019-11-19 10:00:00,13.15,13.30,0.08
2019-11-19 12:00:00,13.21,13.31,0.08
2019-11-19 14:00:00,13.26,13.57,0.08
2019-11-19 16:00:00,13.47,13.66,0.08
2019-11-19 18:00:00,13.57,13.62,0.08
2019-11-19 20:00:00,13.57,13.62,0.08
2019-11-20 06:00:00,13.70,13.80,0.08
2019-11-20 08:00:00,13.75,14.14,0.08
2019-11-20 10:00:00,13.98,14.15,0.08
2019-11-20 12:00:00,13.90,14.00,0.08
2019-11-20 14:00:00,13.76,13.98,0.08
2019-11-20 16:00:00,13.67,14.11,0.08
2019-11-20 18:00:00,13.92,14.27,0.08
2019-11-20 20:00:00,13.83,14.05,0.16
2019-11-21 06:00:00,13.98,14.18,0.17
2019-11-21 08:00:00,14.10,14.44,0.08
2019-11-21 10:00:00,13.95,14.10,0.08
2019-11-21 12:00:00,13.86,14.06,0.08
2019-11-21 14:00:00,13.91,14.31,0.08
2019-11-21 16:00:00,13.97,14.22,0.08
2019-11-21 18:00:00,13.98,14.12,0.08
2019-11-21 20:00:00,13.97,14.14,0.14
2019-11-22 06:00:00,13.96,14.03,0.08
2019-11-22 08:00:00,13.68,14.01,0.08
2019-11-22 10:00:00,13.79,13.94,0.08
2019-11-22 12:00:00,13.74,13.87,0.08
2019-11-22 14:00:00,13.71,13.85,0.08
2019-11-22 16:00:00,13.81,13.91,0.08
2019-11-22 18:00:00,13.77,13.86,0.15
2019-11-22 20:00:00,13.70,13.85,0.10
2019-11-25 06:00:00,13.67,13.76,0.08
2019-11-25 08:00:00,13.65,13.78,0.08
2019-11-25 10:00:00,13.65,13.70,0.08
2019-11-25 12:00:00,13.67,13.72,0.08
2019-11-25 14:00:00,13.59,13.70,0.08
2019-11-25 16:00:00,13.49,13.60,0.08
2019-11-25 18:00:00,13.46,13.53,0.08
2019-11-25 20:00:00,13.44,13.60,0.12
2019-11-26 06:00:00,13.53,13.59,0.08
2019-11-26 08:00:00,13.44,13.63,0.08
2019-11-26 10:00:00,13.50,13.61,0.08
2019-11-26 12:00:00,13.51,13.58,0.08
2019-11-26 14:00:00,13.48,13.57,0.08
2019-11-26 16:00:00,13.42,13.55,0.08
2019-11-26 18:00:00,13.41,13.52,0.08
2019-11-26 20:00:00,13.40,13.54,0.16
2019-11-27 06:00:00,13.42,13.47,0.08
2019-11-27 08:00:00,13.34,13.57,0.08
2019-11-27 10:00:00,13.39,13.50,0.08
2019-11-27 12:00:00,13.40,13.50,0.08
2019-11-27 14:00:00,13.31,13.44,0.08
2019-11-27 16:00:00,13.34,13.43,0.08
2019-11-27 18:00:00,13.37,13.39,0.08
2019-11-27 20:00:00,13.34,13.48,0.13
2019-11-28 06:00:00,13.59,13.63,0.08
2019-11-28 08:00:00,13.53,13.71,0.08
2019-11-28 10:00:00,13.64,13.69,0.08
2019-11-28 12:00:00,13.64,13.73,0.08
2019-11-28 14:00:00,13.65,13.73,0.08
2019-11-28 16:00:00,13.65,13.69,0.08
2019-11-28 18:00:00,13.61,13.72,0.15
2019-11-28 20:00:00,13.62,13.71,0.18
2019-11-29 06:00:00,13.77,13.88,0.08
2019-11-29 08:00:00,13.68,13.91,0.08
2019-11-29 10:00:00,13.70,13.78,0.08
2019-11-29 12:00:00,13.64,13.75,0.08
2019-11-29 14:00:00,13.70,13.83,0.08
2019-11-29 16:00:00,13.75,13.89,0.08
2019-11-29 18:00:00,13.85,13.87,0.08
2019-11-29 20:00:00,13.80,13.89,0.22
2019-12-02 06:00:00,13.79,13.93,0.09
2019-12-02 08:00:00,13.66,13.87,0.08
2019-12-02 10:00:00,13.66,13.94,0.08
2019-12-02 12:00:00,13.92,14.25,0.08
2019-12-02 14:00:00,14.12,14.87,0.08
2019-12-02 16:00:00,14.76,15.04,0.08
2019-12-02 18:00:00,14.74,14.90,0.08
2019-12-02 20:00:00,14.79,14.95,0.21
2019-12-03 06:00:00,14.80,14.94,0.08
2019-12-03 08:00:00,14.74,15.00,0.08
2019-12-03 10:00:00,14.87,15.25,0.08
2019-12-03 12:00:00,15.10,15.77,0.08
2019-12-03 14:00:00,15.70,16.12,0.08
2019-12-03 16:00:00,15.80,16.00,0.08
2019-12-03 18:00:00,15.63,15.86,0.08
2019-12-03 20:00:00,15.52,15.95,0.15
2019-12-04 06:00:00,15.65,15.91,0.14
2019-12-04 08:00:00,15.22,15.96,0.08
2019-12-04 10:00:00,15.23,15.38,0.08
2019-12-04 12:00:00,15.25,15.47,0.08
2019-12-04 14:00:00,14.96,15.46,0.08
2019-12-04 16:00:00,14.78,15.05,0.08
2019-12-04 18:00:00,14.79,14.96,0.15
2019-12-04 20:00:00,14.79,15.02,0.15
2019-12-05 06:00:00,14.85,15.04,0.16
2019-12-05 08:00:00,14.84,15.04,0.08
2019-12-05 10:00:00,14.75,14.91,0.08
2019-12-05 12:00:00,14.80,14.97,0.08
2019-12-05 14:00:00,14.85,15.22,0.08
2019-12-05 16:00:00,15.06,15.20,0.08
2019-12-05 18:00:00,14.97,15.23,0.08
2019-12-05 20:00:00,14.90,15.10,0.12
2019-12-06 06:00:00,14.82,14.95,0.14
2019-12-06 08:00:00,14.85,15.02,0.08
2019-12-06 10:00:00,14.88,15.02,0.08
2019-12-06 12:00:00,14.59,15.04,0.08
2019-12-06 14:00:00,14.48,14.64,0.08
2019-12-06 16:00:00,14.42,14.59,0.08
2019-12-06 18:00:00,14.48,14.54,0.08
2019-12-06 20:00:00,14.46,14.52,0.08
2019-12-09 06:00:00,14.71,14.81,0.08
2019-12-09 08:00:00,14.71,14.83,0.08
2019-12-09 10:00:00,14.70,14.82,0.08
2019-12-09 12:00:00,14.78,14.83,0.08
2019-12-09 14:00:00,14.70,14.90,0.08
2019-12-09 16:00:00,14.90,15.04,0.08
2019-12-09 18:00:00,14.99,15.15,0.08
2019-12-09 20:00:00,14.99,15.31,0.14
2019-12-10 06:00:00,15.22,15.33,0.08
2019-12-10 08:00:00,15.22,15.75,0.08
2019-12-10 10:00:00,15.47,15.82,0.08
2019-12-10 12:00:00,15.09,15.72,0.08
2019-12-10 14:00:00,15.12,15.55,0.08
2019-12-10 16:00:00,15.11,15.34,0.08
2019-12-10 18:00:00,15.18,15.29,0.08
2019-12-10 20:00:00,15.19,15.37,0.18
2019-12-11 06:00:00,15.23,15.37,0.17
2019-12-11 08:00:00,15.11,15.38,0.08
2019-12-11 10:00:00,15.16,15.29,0.08
2019-12-11 12:00:00,15.11,15.17,0.08
2019-12-11 14:00:00,15.10,15.31,0.08
2019-12-11 16:00:00,15.00,15.25,0.08
2019-12-11 18:00:00,15.09,15.29,0.08
2019-12-11 20:00:00,15.02,15.15,0.13
2019-12-12 06:00:00,14.89,14.99,0.08
2019-12-12 08:00:00,14.85,15.03,0.08
2019-12-12 10:00:00,14.85,14.96,0.08
2019-12-12 12:00:00,14.95,15.17,0.08
2019-12-12 14:00:00,14.41,15.12,0.08
2019-12-12 16:00:00,14.44,14.75,0.08
2019-12-12 18:00:00,14.31,14.56,0.08
2019-12-12 20:00:00,14.21,14.43,0.13
2019-12-13 06:00:00,13.89,14.05,0.08
2019-12-13 08:00:00,13.83,14.04,0.08
2019-12-13 10:00:00,13.89,14.09,0.08
2019-12-13 12:00:00,14.09,14.41,0.08
2019-12-13 14:00:00,13.81,14.55,0.08
2019-12-13 16:00:00,13.93,14.43,0.08
2019-12-13 18:00:00,13.90,13.98,0.08
2019-12-13 20:00:00,13.73,13.90,0.08
2019-12-16 06:00:00,13.65,13.79,0.10
2019-12-16 08:00:00,13.59,13.78,0.08
2019-12-16 10:00:00,13.40,13.69,0.08
2019-12-16 12:00:00,13.45,13.55,0.08
2019-12-16 14:00:00,13.35,13.50,0.08
2019-12-16 16:00:00,13.21,13.40,0.08
2019-12-16 18:00:00,13.26,13.32,0.08
2019-12-16 20:00:00,13.32,13.42,0.08
2019-12-17 06:00:00,13.28,13.44,0.14
2019-12-17 08:00:00,13.33,13.54,0.08
2019-12-17 10:00:00,13.44,13.64,0.08
2019-12-17 12:00:00,13.44,13.49,0.08
2019-12-17 14:00:00,13.39,13.79,0.08
2019-12-17 16:00:00,13.60,13.75,0.08
2019-12-17 18:00:00,13.70,13.72,0.08
2019-12-17 20:00:00,13.63,13.79,0.12
2019-12-18 06:00:00,13.81,13.98,0.08
2019-12-18 08:00:00,13.66,13.86,0.08
2019-12-18 10:00:00,13.66,13.81,0.08
2019-12-18 12:00:00,13.72,13.81,0.08
2019-12-18 14:00:00,13.62,13.87,0.08
2019-12-18 16:00:00,13.72,13.82,0.08
2019-12-18 18:00:00,13.70,13.73,0.08
2019-12-18 20:00:00,13.73,13.78,0.08
2019-12-19 06:00:00,13.71,13.86,0.14
2019-12-19 08:00:00,13.65,13.84,0.08
2019-12-19 10:00:00,13.65,13.80,0.08
2019-12-19 12:00:00,13.75,13.95,0.08
2019-12-19 14:00:00,13.71,13.95,0.08
2019-12-19 16:00:00,13.56,13.73,0.08
2019-12-19 18:00:00,13.57,13.67,0.08
2019-12-19 20:00:00,13.53,13.58,0.08
2019-12-20 06:00:00,13.63,13.77,0.08
2019-12-20 08:00:00,13.63,13.73,0.08
2019-12-20 10:00:00,13.49,13.68,0.08
2019-12-20 12:00:00,13.44,13.56,0.08
2019-12-20 14:00:00,13.39,13.63,0.08
2019-12-20 16:00:00,13.35,13.57,0.08
2019-12-20 18:00:00,13.41,13.46,0.08
2019-12-20 20:00:00,13.43,13.59,0.13
2019-12-23 06:00:00,13.54,13.67,0.15
2019-12-23 08:00:00,13.54,13.73,0.08
2019-12-23 10:00:00,13.63,13.68,0.08
2019-12-23 12:00:00,13.55,13.63,0.08
2019-12-23 14:00:00,13.60,13.68,0.08
2019-12-23 16:00:00,13.52,13.74,0.08
2019-12-23 18:00:00,13.57,13.58,0.08
2019-12-23 20:00:00,13.57,13.70,0.09
2019-12-27 06:00:00,13.62,13.67,0.08
2019-12-27 08:00:00,13.59,13.83,0.08
2019-12-27 10:00:00,13.54,13.70,0.08
2019-12-27 12:00:00,13.55,13.70,0.08
2019-12-27 14:00:00,13.67,14.03,0.08
2019-12-27 16:00:00,13.91,14.04,0.08
2019-12-27 18:00:00,13.91,14.00,0.08
2019-12-27 20:00:00,13.95,14.15,0.08
2019-12-30 06:00:00,14.05,14.18,0.16
2019-12-30 08:00:00,14.13,14.28,0.08
2019-12-30 10:00:00,14.14,14.27,0.08
2019-12-30 12:00:00,14.14,14.19,0.08
2020-01-02 06:00:00,14.03,14.21,0.08
2020-01-02 08:00:00,13.89,14.19,0.08
2020-01-02 10:00:00,13.92,14.09,0.08
2020-01-02 12:00:00,13.93,14.02,0.08
2020-01-02 14:00:00,13.92,14.07,0.08
2020-01-02 16:00:00,13.90,14.05,0.08
2020-01-02 18:00:00,13.85,13.93,0.08
2020-01-02 20:00:00,13.77,13.89,0.15
2020-01-03 06:00:00,14.50,14.80,0.18
2020-01-03 08:00:00,14.67,14.97,0.08
2020-01-03 10:00:00,14.72,15.00,0.08
2020-01-03 12:00:00,14.68,15.00,0.08
2020-01-03 14:00:00,14.43,14.83,0.08
2020-01-03 16:00:00,14.33,14.61,0.08
2020-01-03 18:00:00,14.38,14.63,0.09
2020-01-03 20:00:00,14.42,14.66,0.20
2020-01-06 06:00:00,14.85,15.05,0.08
2020-01-06 08:00:00,14.95,15.45,0.08
2020-01-06 10:00:00,15.14,15.32,0.08
2020-01-06 12:00:00,15.02,15.18,0.08
2020-01-06 14:00:00,14.78,15.19,0.08
2020-01-06 16:00:00,14.77,14.93,0.08
2020-01-06 18:00:00,14.72,14.85,0.08
2020-01-06 20:00:00,14.70,14.85,0.13
2020-01-07 06:00:00,14.59,14.83,0.08
2020-01-07 08:00:00,14.49,14.74,0.08
2020-01-07 10:00:00,14.50,14.71,0.08
2020-01-07 12:00:00,14.62,14.76,0.08
2020-01-07 14:00:00,14.54,14.88,0.08
2020-01-07 16:00:00,14.44,14.55,0.08
2020-01-07 18:00:00,14.48,14.58,0.08
2020-01-07 20:00:00,14.46,14.62,0.12
2020-01-08 06:00:00,14.87,15.05,0.12
2020-01-08 08:00:00,14.62,14.98,0.08
2020-01-08 10:00:00,14.31,14.67,0.08
2020-01-08 12:00:00,14.20,14.45,0.08
2020-01-08 14:00:00,14.18,14.42,0.08
2020-01-08 16:00:00,13.94,14.39,0.08
2020-01-08 18:00:00,13.99,14.04,0.08
2020-01-08 20:00:00,13.93,14.35,0.13
2020-01-09 06:00:00,13.88,14.00,0.08
2020-01-09 08:00:00,13.81,13.93,0.08
2020-01-09 10:00:00,13.86,13.96,0.08
2020-01-09 12:00:00,13.90,14.02,0.08
2020-01-09 14:00:00,13.75,13.95,0.08
2020-01-09 16:00:00,13.75,13.97,0.08
2020-01-09 18:00:00,13.83,13.92,0.08
2020-01-09 20:00:00,13.68,13.84,0.13
2020-01-10 06:00:00,13.55,13.66,0.16
2020-01-10 08:00:00,13.63,13.80,0.08
2020-01-10 10:00:00,13.65,13.77,0.08
2020-01-10 12:00:00,13.67,13.79,0.08
2020-01-10 14:00:00,13.61,13.84,0.08
2020-01-10 16:00:00,13.58,13.83,0.08
2020-01-10 18:00:00,13.59,13.77,0.15
2020-01-10 20:00:00,13.65,13.94,0.25
2020-01-13 06:00:00,13.68,13.84,0.22
2020-01-13 08:00:00,13.70,13.86,0.08
2020-01-13 10:00:00,13.66,13.88,0.08
2020-01-13 12:00:00,13.66,13.85,0.08
2020-01-13 14:00:00,13.72,13.91,0.08
2020-01-13 16:00:00,13.70,13.84,0.08
2020-01-13 18:00:00,13.65,13.74,0.08
2020-01-14 06:00:00,13.55,13.72,0.13
2020-01-14 08:00:00,13.69,14.15,0.08
2020-01-14 10:00:00,13.71,13.96,0.08
2020-01-14 12:00:00,13.75,13.88,0.08
2020-01-14 14:00:00,13.65,13.82,0.08
2020-01-14 16:00:00,13.57,13.72,0.08
2020-01-14 18:00:00,13.56,13.82,0.09
2020-01-14 20:00:00,13.61,13.77,0.11
2020-01-15 06:00:00,13.61,13.76,0.15
2020-01-15 08:00:00,13.60,13.87,0.08
2020-01-15 10:00:00,13.56,13.67,0.08
2020-01-15 12:00:00,13.61,13.77,0.08
2020-01-15 14:00:00,13.50,13.73,0.08
2020-01-15 16:00:00,13.49,13.64,0.08
2020-01-15 18:00:00,13.59,13.65,0.08
2020-01-15 20:00:00,13.62,13.71,0.08
2020-01-16 06:00:00,13.50,13.58,0.08
2020-01-16 08:00:00,13.30,13.51,0.08
2020-01-16 10:00:00,13.45,13.56,0.08
2020-01-16 12:00:00,13.35,13.46,0.08
2020-01-16 14:00:00,13.26,13.36,0.08
2020-01-16 16:00:00,13.21,13.32,0.08
2020-01-16 18:00:00,13.24,13.27,0.08
2020-01-16 20:00:00,13.21,13.25,0.08
2020-01-17 06:00:00,13.19,13.25,0.08
2020-01-17 08:00:00,13.08,13.24,0.08
2020-01-17 10:00:00,13.03,13.19,0.08
2020-01-17 12:00:00,13.12,13.23,0.08
2020-01-17 14:00:00,13.15,13.28,0.08
2020-01-17 16:00:00,13.18,13.33,0.08
2020-01-17 18:00:00,13.20,13.25,0.08
2020-01-17 20:00:00,13.15,13.25,0.08
2020-01-20 06:00:00,13.29,13.34,0.08
2020-01-20 08:00:00,13.29,13.44,0.08
2020-01-20 10:00:00,13.30,13.35,0.08
2020-01-20 12:00:00,13.30,13.35,0.08
2020-01-20 14:00:00,13.31,13.41,0.08
2020-01-20 16:00:00,13.26,13.36,0.08
2020-01-20 18:00:00,13.22,13.27,0.08
2020-01-20 20:00:00,13.22,13.27,0.08
2020-01-21 06:00:00,13.52,13.65,0.11
2020-01-21 08:00:00,13.63,13.78,0.08
2020-01-21 10:00:00,13.49,13.73,0.08
2020-01-21 12:00:00,13.39,13.49,0.08
2020-01-21 14:00:00,13.24,13.49,0.08
2020-01-21 16:00:00,13.19,13.34,0.08
2020-01-21 18:00:00,13.24,13.47,0.08
2020-01-21 20:00:00,13.34,13.50,0.14
2020-01-22 06:00:00,13.16,13.26,0.08
2020-01-22 08:00:00,13.11,13.36,0.08
2020-01-22 10:00:00,13.21,13.31,0.08
2020-01-22 12:00:00,13.21,13.31,0.08
2020-01-22 14:00:00,13.31,13.51,0.08
2020-01-22 16:00:00,13.46,13.61,0.08
2020-01-22 18:00:00,13.41,13.51,0.08
2020-01-22 20:00:00,13.47,13.63,0.08
2020-01-23 06:00:00,13.67,13.84,0.08
2020-01-23 08:00:00,13.58,13.78,0.08
2020-01-23 10:00:00,13.58,13.63,0.08
2020-01-23 12:00:00,13.63,13.92,0.08
2020-01-23 14:00:00,13.72,14.11,0.08
2020-01-23 16:00:00,13.77,14.11,0.08
2020-01-23 18:00:00,13.67,13.87,0.08
2020-01-23 20:00:00,13.63,13.72,0.08
2020-01-24 06:00:00,13.53,13.63,0.08
2020-01-24 08:00:00,13.25,13.59,0.08
2020-01-24 10:00:00,13.26,13.40,0.08
2020-01-24 12:00:00,13.26,13.35,0.08
2020-01-24 14:00:00,13.36,13.78,0.08
2020-01-24 16:00:00,13.55,14.22,0.08
2020-01-24 18:00:00,13.89,14.48,0.08
2020-01-24 20:00:00,14.09,14.37,0.08
2020-01-27 06:00:00,14.91,15.08,0.13
2020-01-27 08:00:00,14.53,15.13,0.08
2020-01-27 10:00:00,14.93,15.33,0.08
2020-01-27 12:00:00,14.94,15.43,0.08
2020-01-27 14:00:00,15.09,15.62,0.08
2020-01-27 16:00:00,15.28,15.64,0.08
2020-01-27 18:00:00,15.24,15.52,0.08
2020-01-27 20:00:00,15.33,15.70,0.12
2020-01-28 06:00:00,15.06,15.28,0.08
2020-01-28 08:00:00,15.10,15.52,0.08
2020-01-28 10:00:00,15.27,15.58,0.08
2020-01-28 12:00:00,15.03,15.32,0.08
2020-01-28 14:00:00,14.58,15.28,0.08
2020-01-28 16:00:00,14.64,14.85,0.08
2020-01-28 18:00:00,14.72,14.94,0.08
2020-01-28 20:00:00,14.64,14.84,0.15
2020-01-29 06:00:00,14.69,14.76,0.08
2020-01-29 08:00:00,14.50,14.83,0.08
2020-01-29 10:00:00,14.52,14.72,0.08
2020-01-29 12:00:00,14.50,14.59,0.08
2020-01-29 14:00:00,14.46,14.91,0.08
2020-01-29 16:00:00,14.42,14.59,0.08
2020-01-29 18:00:00,14.32,14.54,0.08
2020-01-29 20:00:00,14.39,14.71,0.16
2020-01-30 06:00:00,15.06,15.28,0.08
2020-01-30 08:00:00,15.01,15.43,0.08
2020-01-30 10:00:00,15.13,15.46,0.08
2020-01-30 12:00:00,15.22,15.49,0.08
2020-01-30 14:00:00,15.10,15.71,0.08
2020-01-30 16:00:00,15.16,15.71,0.08
2020-01-30 18:00:00,15.11,15.58,0.08
2020-01-30 20:00:00,14.78,15.22,0.08
2020-01-31 06:00:00,14.75,14.90,0.08
2020-01-31 08:00:00,14.78,15.11,0.08
2020-01-31 10:00:00,15.03,15.46,0.08
2020-01-31 12:00:00,15.05,15.23,0.08
2020-01-31 14:00:00,15.11,15.76,0.08
2020-01-31 16:00:00,15.56,16.02,0.08
2020-01-31 18:00:00,15.82,16.17,0.08
2020-01-31 20:00:00,16.10,16.71,0.08
2020-02-03 06:00:00,15.48,15.75,0.08
2020-02-03 08:00:00,15.45,15.78,0.08
2020-02-03 10:00:00,15.58,15.83,0.08
2020-02-03 12:00:00,15.50,15.80,0.08
2020-02-03 14:00:00,15.10,15.60,0.08
2020-02-03 16:00:00,15.30,15.73,0.08
2020-02-03 18:00:00,15.46,15.66,0.11
2020-02-03 20:00:00,15.36,15.62,0.08
2020-02-04 06:00:00,14.97,15.12,0.08
2020-02-04 08:00:00,14.73,15.05,0.08
2020-02-04 10:00:00,14.75,14.88,0.08
2020-02-04 12:00:00,14.70,14.85,0.08
2020-02-04 14:00:00,14.68,14.85,0.08
2020-02-04 16:00:00,14.50,14.80,0.08
2020-02-04 18:00:00,14.49,14.63,0.08
2020-02-04 20:00:00,14.44,14.63,0.08
2020-02-05 06:00:00,14.68,14.79,0.08
2020-02-05 08:00:00,14.07,14.79,0.08
2020-02-05 10:00:00,14.02,14.29,0.08
2020-02-05 12:00:00,14.05,14.29,0.08
2020-02-05 14:00:00,14.00,14.44,0.08
2020-02-05 16:00:00,14.01,14.28,0.08
2020-02-05 18:00:00,13.93,14.08,0.08
2020-02-05 20:00:00,13.90,14.05,0.08
2020-02-06 06:00:00,13.73,13.80,0.08
2020-02-06 08:00:00,13.70,13.88,0.08
2020-02-06 10:00:00,13.77,13.87,0.08
2020-02-06 12:00:00,13.75,13.85,0.08
2020-02-06 14:00:00,13.80,14.06,0.08
2020-02-06 16:00:00,13.71,13.88,0.08
2020-02-06 18:00:00,13.73,13.84,0.08
2020-02-06 20:00:00,13.72,13.81,0.08
2020-02-07 06:00:00,13.80,13.95,0.08
2020-02-07 08:00:00,13.75,14.07,0.08
2020-02-07 10:00:00,14.00,14.23,0.08
2020-02-07 12:00:00,13.99,14.26,0.08
2020-02-07 14:00:00,14.08,14.53,0.08
2020-02-07 16:00:00,13.91,14.20,0.08
2020-02-07 18:00:00,14.11,14.55,0.08
2020-02-07 20:00:00,14.12,14.38,0.09
2020-02-10 06:00:00,14.16,14.23,0.08
2020-02-10 08:00:00,14.13,14.34,0.08
2020-02-10 10:00:00,14.07,14.24,0.08
2020-02-10 12:00:00,14.15,14.27,0.08
2020-02-10 14:00:00,14.06,14.38,0.08
2020-02-10 16:00:00,13.97,14.15,0.08
2020-02-10 18:00:00,13.99,14.09,0.08
2020-02-10 20:00:00,13.97,14.07,0.08
2020-02-11 06:00:00,13.79,13.89,0.08
2020-02-11 08:00:00,13.76,13.94,0.08
2020-02-11 10:00:00,13.76,13.82,0.08
2020-02-11 12:00:00,13.71,13.77,0.08
2020-02-11 14:00:00,13.60,13.76,0.08
2020-02-11 16:00:00,13.64,13.75,0.08
2020-02-11 18:00:00,13.67,13.77,0.08
2020-02-11 20:00:00,13.75,13.89,0.08
2020-02-12 06:00:00,13.69,13.79,0.08
2020-02-12 08:00:00,13.62,13.77,0.08
2020-02-12 10:00:00,13.71,13.80,0.08
2020-02-12 12:00:00,13.69,13.79,0.08
2020-02-12 14:00:00,13.68,13.83,0.08
2020-02-12 16:00:00,13.57,13.78,0.08
2020-02-12 18:00:00,13.47,13.64,0.08
2020-02-12 20:00:00,13.39,13.53,0.08
2020-02-13 06:00:00,13.76,13.83,0.08
2020-02-13 08:00:00,13.75,14.18,0.08
2020-02-13 10:00:00,14.10,14.39,0.08
2020-02-13 12:00:00,13.98,14.28,0.08
2020-02-13 14:00:00,13.80,14.15,0.08
2020-02-13 16:00:00,13.74,13.88,0.08
2020-02-13 18:00:00,13.78,13.88,0.08
2020-02-13 20:00:00,13.79,14.01,0.08
2020-02-14 06:00:00,13.73,13.91,0.09
2020-02-14 08:00:00,13.68,13.85,0.08
2020-02-14 10:00:00,13.69,13.76,0.08
2020-02-14 12:00:00,13.70,13.85,0.08
2020-02-14 14:00:00,13.71,13.88,0.08
2020-02-14 16:00:00,13.67,13.93,0.08
2020-02-14 18:00:00,13.72,13.97,0.11
2020-02-14 20:00:00,13.70,13.91,0.14
2020-02-17 06:00:00,13.56,13.62,0.08
2020-02-17 08:00:00,13.47,13.57,0.08
2020-02-17 12:00:00,13.47,13.52,0.08
2020-02-17 14:00:00,13.47,13.52,0.08
2020-02-17 16:00:00,13.42,13.52,0.08
2020-02-17 18:00:00,13.43,13.57,0.16
2020-02-17 20:00:00,13.43,13.54,0.16
2020-02-18 06:00:00,13.80,13.99,0.17
2020-02-18 08:00:00,13.84,14.09,0.08
2020-02-18 10:00:00,13.99,14.09,0.08
2020-02-18 12:00:00,13.90,14.09,0.08
2020-02-18 14:00:00,13.85,14.00,0.08
2020-02-18 16:00:00,13.84,14.10,0.11
2020-02-18 18:00:00,13.79,13.98,0.19
2020-02-18 20:00:00,13.81,13.97,0.16
2020-02-19 06:00:00,13.69,13.82,0.14
2020-02-19 08:00:00,13.62,13.79,0.14
2020-02-19 10:00:00,13.59,13.75,0.16
2020-02-19 12:00:00,13.68,13.78,0.08
2020-02-19 14:00:00,13.69,13.83,0.08
2020-02-19 16:00:00,13.68,13.79,0.08
2020-02-19 18:00:00,13.69,13.74,0.08
2020-02-19 20:00:00,13.71,13.74,0.08
2020-02-20 06:00:00,13.70,13.80,0.08
2020-02-20 08:00:00,13.71,13.93,0.08
2020-02-20 10:00:00,13.86,14.01,0.08
2020-02-20 12:00:00,13.95,14.05,0.08
2020-02-20 14:00:00,13.86,14.01,0.08
2020-02-20 16:00:00,13.91,14.79,0.08
2020-02-20 18:00:00,14.31,14.62,0.08
2020-02-20 20:00:00,14.21,14.60,0.08
2020-02-21 06:00:00,14.82,14.97,0.08
2020-02-21 08:00:00,14.66,15.14,0.08
2020-02-21 10:00:00,14.70,14.94,0.08
2020-02-21 12:00:00,14.65,14.92,0.08
2020-02-21 14:00:00,14.75,15.47,0.08
2020-02-21 16:00:00,15.16,15.38,0.08
2020-02-21 18:00:00,15.22,15.60,0.08
2020-02-21 20:00:00,15.30,15.70,0.08
2020-02-24 06:00:00,16.53,17.10,0.08
2020-02-24 08:00:00,16.99,17.61,0.08
2020-02-24 10:00:00,17.10,17.49,0.08
2020-02-24 12:00:00,17.06,17.68,0.08
2020-02-24 14:00:00,17.23,17.86,0.08
2020-02-24 16:00:00,17.40,18.19,0.08
2020-02-24 18:00:00,17.82,18.45,0.08
2020-02-24 20:00:00,17.74,18.45,0.08
2020-02-25 06:00:00,17.21,17.50,0.08
2020-02-25 08:00:00,17.17,17.85,0.08
2020-02-25 10:00:00,17.76,18.24,0.08
2020-02-25 12:00:00,17.68,18.10,0.08
2020-02-25 14:00:00,17.72,19.00,0.08
2020-02-25 16:00:00,18.64,19.53,0.08
2020-02-25 18:00:00,19.27,20.68,0.08
2020-02-25 20:00:00,19.79,20.66,0.08
2020-02-26 06:00:00,19.58,19.96,0.08
2020-02-26 08:00:00,19.36,21.01,0.08
2020-02-26 10:00:00,19.82,20.50,0.08
2020-02-26 12:00:00,19.60,20.27,0.08
2020-02-26 14:00:00,18.82,19.88,0.08
2020-02-26 16:00:00,18.84,19.82,0.08
2020-02-26 18:00:00,19.47,20.21,0.08
2020-02-26 20:00:00,19.60,20.22,0.08
2020-02-27 06:00:00,19.83,20.43,0.08
2020-02-27 08:00:00,19.81,20.54,0.08
2020-02-27 10:00:00,20.04,20.71,0.08
2020-02-27 12:00:00,20.54,21.58,0.08
2020-02-27 14:00:00,21.50,22.81,0.08
2020-02-27 16:00:00,21.10,22.30,0.08
2020-02-27 18:00:00,21.26,22.28,0.08
2020-02-27 20:00:00,21.96,22.95,0.08
2020-02-28 06:00:00,24.13,24.93,0.08
2020-02-28 08:00:00,24.18,26.01,0.08
2020-02-28 10:00:00,23.93,25.62,0.08
2020-02-28 12:00:00,24.37,25.21,0.08
2020-02-28 14:00:00,24.45,25.86,0.08
2020-02-28 16:00:00,23.64,25.87,0.08
2020-02-28 18:00:00,24.12,25.28,0.08
2020-02-28 20:00:00,23.70,25.44,0.08
2020-03-02 06:00:00,21.66,23.21,0.08
2020-03-02 08:00:00,21.75,23.31,0.08
2020-03-02 10:00:00,22.94,24.77,0.08
2020-03-02 12:00:00,23.52,24.70,0.08
2020-03-02 14:00:00,23.09,24.40,0.08
2020-03-02 16:00:00,22.75,23.85,0.08
2020-03-02 18:00:00,22.77,24.09,0.08
2020-03-02 20:00:00,22.67,23.97,0.08
2020-03-03 06:00:00,22.90,23.42,0.08
2020-03-03 08:00:00,22.10,23.40,0.08
2020-03-03 10:00:00,22.10,22.98,0.08
2020-03-03 12:00:00,22.47,23.24,0.08
2020-03-03 14:00:00,21.71,23.20,0.08
2020-03-03 16:00:00,22.38,24.17,0.08
2020-03-03 18:00:00,23.48,25.35,0.08
2020-03-03 20:00:00,24.21,25.12,0.08
2020-03-04 06:00:00,23.45,23.85,0.08
2020-03-04 08:00:00,22.98,23.99,0.08
2020-03-04 10:00:00,22.85,23.20,0.08
2020-03-04 12:00:00,22.79,23.41,0.08
2020-03-04 14:00:00,23.12,24.04,0.08
2020-03-04 16:00:00,22.86,23.68,0.08
2020-03-04 18:00:00,22.70,23.35,0.08
2020-03-04 20:00:00,22.92,23.29,0.08
2020-03-05 06:00:00,23.63,24.13,0.08
2020-03-05 08:00:00,23.62,24.47,0.08
2020-03-05 10:00:00,24.23,25.19,0.08
2020-03-05 12:00:00,24.82,25.56,0.08
2020-03-05 14:00:00,24.97,25.74,0.08
2020-03-05 16:00:00,24.80,26.61,0.08
2020-03-05 18:00:00,26.28,27.23,0.08
2020-03-05 20:00:00,26.69,27.64,0.08
2020-03-06 06:00:00,27.68,28.27,0.08
2020-03-06 08:00:00,27.26,29.28,0.08
2020-03-06 10:00:00,29.16,30.51,0.08
2020-03-06 12:00:00,30.23,32.47,0.08
2020-03-06 14:00:00,30.75,33.10,0.08
2020-03-06 16:00:00,31.27,32.10,0.08
2020-03-06 18:00:00,31.32,32.24,0.08
2020-03-06 20:00:00,29.86,32.51,0.08
2020-03-09 06:00:00,37.08,41.30,0.30
2020-03-09 08:00:00,36.38,41.73,0.13
2020-03-09 10:00:00,37.70,40.22,0.09
2020-03-09 12:00:00,37.66,41.73,0.13
2020-03-09 14:00:00,35.98,39.55,0.08
2020-03-09 16:00:00,35.48,37.70,0.08
2020-03-09 18:00:00,36.07,38.55,0.30
2020-03-09 20:00:00,36.27,37.55,0.25
2020-03-10 06:00:00,32.56,33.68,0.08
2020-03-10 08:00:00,31.51,33.98,0.08
2020-03-10 10:00:00,31.24,32.57,0.08
2020-03-10 12:00:00,32.15,34.84,0.12
2020-03-10 14:00:00,33.73,37.09,0.08
2020-03-10 16:00:00,35.31,36.78,0.08
2020-03-10 18:00:00,34.50,36.86,0.13
2020-03-10 20:00:00,34.42,35.06,0.16
2020-03-11 06:00:00,36.16,37.37,0.17
2020-03-11 08:00:00,35.35,36.73,0.08
2020-03-11 10:00:00,36.07,37.22,0.08
2020-03-11 12:00:00,36.45,37.65,0.16
2020-03-11 14:00:00,36.53,37.80,0.13
2020-03-11 16:00:00,36.39,37.91,0.08
2020-03-11 18:00:00,37.53,39.06,0.30
2020-03-11 20:00:00,37.65,38.43,0.11
2020-03-12 06:00:00,41.39,42.83,0.17
2020-03-12 08:00:00,41.34,43.66,0.22
2020-03-12 10:00:00,42.44,43.64,0.10
2020-03-12 12:00:00,43.19,49.07,0.18
2020-03-12 14:00:00,44.67,47.81,0.29
2020-03-12 16:00:00,43.08,47.78,0.29
2020-03-12 18:00:00,45.73,47.56,0.23
2020-03-12 20:00:00,45.87,47.76,0.30
2020-03-13 06:00:00,44.94,48.12,0.30
2020-03-13 08:00:00,44.73,47.02,0.17
2020-03-13 10:00:00,43.04,45.86,0.14
2020-03-13 12:00:00,41.26,45.88,0.30
2020-03-13 14:00:00,44.33,49.82,0.21
2020-03-13 16:00:00,46.12,49.63,0.15
2020-03-13 18:00:00,43.07,46.70,0.18
2020-03-13 20:00:00,42.67,44.68,0.27
2020-03-16 06:00:00,50.90,53.24,0.30
2020-03-16 08:00:00,49.84,55.84,0.26
2020-03-16 10:00:00,54.41,56.34,0.27
2020-03-16 12:00:00,54.96,58.80,0.30
2020-03-16 14:00:00,53.06,56.75,0.25
2020-03-16 16:00:00,53.80,55.78,0.19
2020-03-16 18:00:00,55.36,61.74,0.30
2020-03-16 20:00:00,57.25,60.91,0.30
2020-03-17 06:00:00,50.80,53.26,0.30
2020-03-17 08:00:00,50.99,58.52,0.30
2020-03-17 10:00:00,55.77,58.32,0.25
2020-03-17 12:00:00,56.23,59.95,0.29
2020-03-17 14:00:00,54.11,60.45,0.22
2020-03-17 16:00:00,53.09,56.86,0.19
2020-03-17 18:00:00,53.72,57.54,0.15
2020-03-17 20:00:00,55.82,57.36,0.30
2020-03-18 06:00:00,59.91,64.11,0.24
2020-03-18 08:00:00,58.76,62.25,0.25
2020-03-18 10:00:00,60.83,63.48,0.21
2020-03-18 12:00:00,60.47,64.03,0.15
2020-03-18 14:00:00,59.27,62.96,0.17
2020-03-18 16:00:00,61.95,72.38,0.14
2020-03-18 18:00:00,63.36,72.40,0.30
2020-03-18 20:00:00,63.20,65.51,0.25
2020-03-19 06:00:00,66.44,70.60,0.30
2020-03-19 08:00:00,64.19,68.61,0.22
2020-03-19 10:00:00,64.44,68.41,0.26
2020-03-19 12:00:00,65.84,68.44,0.27
2020-03-19 14:00:00,60.73,67.22,0.25
2020-03-19 16:00:00,58.52,62.48,0.25
2020-03-19 18:00:00,50.55,58.98,0.25
2020-03-19 20:00:00,54.48,60.27,0.22
2020-03-20 06:00:00,51.87,53.98,0.17
2020-03-20 08:00:00,48.69,52.26,0.14
2020-03-20 10:00:00,48.64,52.98,0.19
2020-03-20 12:00:00,51.45,55.05,0.15
2020-03-20 14:00:00,47.64,53.82,0.14
2020-03-20 16:00:00,48.97,52.40,0.19
2020-03-20 18:00:00,50.04,54.65,0.14
2020-03-20 20:00:00,53.19,53.72,0.30
2020-03-23 06:00:00,55.12,56.64,0.30
2020-03-23 08:00:00,53.20,56.39,0.17
2020-03-23 10:00:00,52.73,54.07,0.23
2020-03-23 12:00:00,45.58,53.73,0.22
2020-03-23 14:00:00,45.91,48.74,0.11
2020-03-23 16:00:00,44.85,48.09,0.25
2020-03-23 18:00:00,41.83,47.65,0.30
2020-03-23 20:00:00,40.69,43.73,0.30
2020-03-24 06:00:00,37.76,39.66,0.30
2020-03-24 08:00:00,37.67,41.00,0.18
2020-03-24 10:00:00,35.66,37.74,0.25
2020-03-24 12:00:00,34.52,37.63,0.15
2020-03-24 14:00:00,34.71,37.27,0.14
2020-03-24 16:00:00,35.77,37.91,0.13
2020-03-24 18:00:00,35.16,38.63,0.27
2020-03-24 20:00:00,36.56,38.41,0.30
2020-03-25 06:00:00,35.02,36.19,0.23
2020-03-25 08:00:00,35.20,38.28,0.22
2020-03-25 10:00:00,37.56,42.52,0.21
2020-03-25 12:00:00,39.23,41.52,0.20
2020-03-25 14:00:00,40.21,42.53,0.14
2020-03-25 16:00:00,40.50,43.01,0.15
2020-03-25 18:00:00,39.23,42.38,0.26
2020-03-25 20:00:00,40.69,41.80,0.30
2020-03-26 06:00:00,43.66,45.66,0.20
2020-03-26 08:00:00,43.52,45.31,0.12
2020-03-26 10:00:00,42.36,43.84,0.13
2020-03-26 12:00:00,39.61,44.72,0.15
2020-03-26 14:00:00,38.87,40.34,0.18
2020-03-26 16:00:00,38.02,39.72,0.11
2020-03-26 18:00:00,38.41,39.38,0.30
2020-03-26 20:00:00,37.57,38.73,0.26
2020-03-27 06:00:00,39.60,40.98,0.30
2020-03-27 08:00:00,40.22,41.64,0.14
2020-03-27 10:00:00,40.86,42.34,0.15
2020-03-27 12:00:00,41.58,43.05,0.15
2020-03-27 14:00:00,42.08,43.76,0.19
2020-03-27 16:00:00,42.78,44.58,0.16
2020-03-27 18:00:00,42.39,44.10,0.23
2020-03-27 20:00:00,43.76,45.37,0.30
2020-03-30 05:00:00,41.50,43.07,0.30
2020-03-30 07:00:00,41.77,44.70,0.25
2020-03-30 09:00:00,42.19,43.40,0.18
2020-03-30 11:00:00,42.16,43.59,0.15
2020-03-30 13:00:00,41.93,43.24,0.18
2020-03-30 15:00:00,40.91,42.44,0.20
2020-03-30 17:00:00,41.03,41.56,0.30
2020-03-30 19:00:00,40.62,41.47,0.30
2020-03-31 05:00:00,40.16,41.20,0.27
2020-03-31 07:00:00,39.17,40.34,0.20
2020-03-31 09:00:00,39.70,41.40,0.18
2020-03-31 11:00:00,40.48,42.03,0.25
2020-03-31 13:00:00,39.03,41.33,0.13
2020-03-31 15:00:00,39.41,41.00,0.12
2020-03-31 17:00:00,39.57,41.24,0.16
2020-03-31 19:00:00,39.53,40.73,0.15
2020-04-01 05:00:00,41.89,42.73,0.26
2020-04-01 07:00:00,41.85,43.38,0.18
2020-04-01 09:00:00,41.92,42.75,0.18
2020-04-01 11:00:00,42.41,43.34,0.11
2020-04-01 13:00:00,40.70,43.02,0.09
2020-04-01 15:00:00,40.48,43.23,0.08
2020-04-01 17:00:00,42.47,43.21,0.28
2020-04-01 19:00:00,42.93,43.88,0.30
2020-04-02 05:00:00,41.02,41.61,0.30
2020-04-02 07:00:00,40.87,41.97,0.25
2020-04-02 09:00:00,41.05,41.60,0.17
2020-04-02 11:00:00,41.05,42.55,0.18
2020-04-02 13:00:00,41.16,43.16,0.12
2020-04-02 15:00:00,41.22,42.51,0.14
2020-04-02 17:00:00,41.25,42.12,0.14
2020-04-02 19:00:00,41.12,41.70,0.14
2020-04-03 05:00:00,41.30,41.75,0.23
2020-04-03 07:00:00,40.85,41.69,0.25
2020-04-03 09:00:00,41.00,41.55,0.13
2020-04-03 11:00:00,40.50,41.31,0.15
2020-04-03 13:00:00,40.35,41.30,0.11
2020-04-03 15:00:00,40.78,41.92,0.08
2020-04-03 17:00:00,40.44,41.39,0.30
2020-04-03 19:00:00,39.70,40.82,0.30
2020-04-06 05:00:00,35.55,37.30,0.27
2020-04-06 07:00:00,36.31,37.38,0.15
2020-04-06 09:00:00,36.14,36.83,0.17
2020-04-06 11:00:00,36.55,37.26,0.13
2020-04-06 13:00:00,36.13,37.23,0.08
2020-04-06 15:00:00,37.04,38.27,0.08
2020-04-06 17:00:00,37.12,37.58,0.16
2020-04-06 19:00:00,36.92,37.69,0.30
2020-04-07 05:00:00,36.06,37.21,0.18
2020-04-07 07:00:00,35.62,36.91,0.16
2020-04-07 09:00:00,35.70,36.52,0.17
2020-04-07 11:00:00,35.94,36.62,0.13
2020-04-07 13:00:00,35.93,38.71,0.08
2020-04-07 15:00:00,37.08,38.75,0.16
2020-04-07 17:00:00,37.32,38.61,0.30
2020-04-07 19:00:00,37.84,38.65,0.25
2020-04-08 05:00:00,38.52,39.06,0.29
2020-04-08 07:00:00,38.12,39.68,0.18
2020-04-08 09:00:00,38.64,39.44,0.16
2020-04-08 11:00:00,38.24,38.89,0.11
2020-04-08 13:00:00,37.80,39.05,0.13
2020-04-08 15:00:00,37.45,38.09,0.21
2020-04-08 17:00:00,37.57,38.09,0.26
2020-04-08 19:00:00,37.67,38.19,0.29
2020-04-09 05:00:00,37.20,38.08,0.19
2020-04-09 07:00:00,36.72,38.12,0.15
2020-04-09 09:00:00,37.94,38.81,0.11
2020-04-09 11:00:00,37.64,39.23,0.15
2020-04-09 13:00:00,37.46,38.32,0.14
2020-04-09 15:00:00,37.68,38.53,0.08
2020-04-09 17:00:00,37.60,38.24,0.18
2020-04-09 19:00:00,37.15,38.17,0.30
2020-04-14 05:00:00,34.36,35.06,0.16
2020-04-14 07:00:00,34.57,35.08,0.24
2020-04-14 09:00:00,34.96,34.96,0.30
2020-04-14 11:00:00,34.60,35.54,0.25
2020-04-14 13:00:00,33.95,35.57,0.09
2020-04-14 15:00:00,33.98,35.18,0.14
2020-04-14 17:00:00,34.08,34.34,0.14
2020-04-14 19:00:00,34.17,34.41,0.09
2020-04-15 05:00:00,34.16,34.76,0.14
2020-04-15 07:00:00,34.35,35.80,0.14
2020-04-15 09:00:00,35.62,36.34,0.11
2020-04-15 11:00:00,35.80,37.19,0.15
2020-04-15 13:00:00,36.28,37.08,0.14
2020-04-15 15:00:00,36.19,37.00,0.19
2020-04-15 17:00:00,35.92,36.82,0.11
2020-04-15 19:00:00,35.96,36.53,0.24
2020-04-16 05:00:00,35.77,36.40,0.19
2020-04-16 07:00:00,35.41,36.21,0.19
2020-04-16 09:00:00,35.80,36.45,0.19
2020-04-16 11:00:00,35.80,36.62,0.11
2020-04-16 13:00:00,35.75,36.81,0.09
2020-04-16 15:00:00,35.98,36.87,0.19
2020-04-16 17:00:00,36.25,36.71,0.27
2020-04-16 19:00:00,36.06,36.58,0.30
2020-04-17 05:00:00,34.53,35.05,0.30
2020-04-17 07:00:00,34.41,35.15,0.08
2020-04-17 09:00:00,34.10,34.70,0.11
2020-04-17 11:00:00,34.23,34.86,0.08
2020-04-17 13:00:00,34.84,35.84,0.12
2020-04-17 15:00:00,35.42,36.16,0.13
2020-04-17 17:00:00,35.33,35.72,0.18
2020-04-17 19:00:00,34.70,35.41,0.12
2020-04-20 05:00:00,35.16,35.51,0.09
2020-04-20 07:00:00,35.18,36.05,0.14
2020-04-20 09:00:00,35.53,36.52,0.19
2020-04-20 11:00:00,36.44,37.53,0.08
2020-04-20 13:00:00,35.85,37.05,0.08
2020-04-20 15:00:00,35.52,36.35,0.11
2020-04-20 17:00:00,35.85,37.36,0.30
2020-04-20 19:00:00,37.00,37.79,0.27
2020-04-21 05:00:00,37.69,38.32,0.25
2020-04-21 07:00:00,37.58,38.78,0.15
2020-04-21 09:00:00,38.18,39.62,0.12
2020-04-21 11:00:00,39.27,41.09,0.08
2020-04-21 13:00:00,40.06,41.30,0.10
2020-04-21 15:00:00,41.15,42.37,0.08
2020-04-21 17:00:00,40.95,41.84,0.23
2020-04-21 19:00:00,40.33,41.61,0.30
2020-04-22 05:00:00,39.66,40.74,0.15
2020-04-22 07:00:00,39.68,40.60,0.08
2020-04-22 09:00:00,39.58,40.23,0.08
2020-04-22 11:00:00,39.62,40.29,0.08
2020-04-22 13:00:00,39.21,40.04,0.08
2020-04-22 15:00:00,38.69,39.58,0.12
2020-04-22 17:00:00,38.73,39.05,0.11
2020-04-22 19:00:00,38.68,39.02,0.18
2020-04-23 05:00:00,38.50,39.08,0.15
2020-04-23 07:00:00,38.69,39.65,0.11
2020-04-23 09:00:00,38.50,39.13,0.15
2020-04-23 11:00:00,37.90,38.93,0.14
2020-04-23 13:00:00,37.25,38.37,0.08
2020-04-23 15:00:00,37.45,39.22,0.08
2020-04-23 17:00:00,38.14,39.39,0.13
2020-04-23 19:00:00,38.60,39.00,0.30
2020-04-24 05:00:00,39.30,40.44,0.13
2020-04-24 07:00:00,38.91,39.64,0.15
2020-04-24 09:00:00,37.84,39.11,0.10
2020-04-24 11:00:00,37.78,38.29,0.17
2020-04-24 13:00:00,37.74,38.36,0.08
2020-04-24 15:00:00,37.72,38.37,0.15
2020-04-24 17:00:00,36.96,37.91,0.22
2020-04-24 19:00:00,36.70,37.14,0.15
2020-04-27 05:00:00,35.72,36.20,0.23
2020-04-27 07:00:00,35.51,36.25,0.11
2020-04-27 09:00:00,35.21,35.70,0.08
2020-04-27 11:00:00,34.88,35.32,0.08
2020-04-27 13:00:00,33.54,35.42,0.08
2020-04-27 15:00:00,33.28,33.80,0.08
2020-04-27 17:00:00,33.22,33.83,0.15
2020-04-27 19:00:00,33.31,33.63,0.21
2020-04-28 05:00:00,33.41,33.87,0.18
2020-04-28 07:00:00,32.63,33.77,0.08
2020-04-28 09:00:00,31.92,32.90,0.08
2020-04-28 11:00:00,32.05,32.32,0.08
2020-04-28 13:00:00,31.95,33.36,0.08
2020-04-28 15:00:00,32.44,33.37,0.10
2020-04-28 17:00:00,32.12,32.86,0.16
2020-04-28 19:00:00,32.57,33.03,0.30
2020-04-29 05:00:00,32.08,32.73,0.30
2020-04-29 07:00:00,32.03,32.63,0.10
2020-04-29 09:00:00,32.13,32.46,0.08
2020-04-29 11:00:00,31.17,32.48,0.08
2020-04-29 13:00:00,30.80,31.42,0.08
2020-04-29 15:00:00,30.84,31.18,0.08
2020-04-29 17:00:00,30.79,31.24,0.14
2020-04-29 19:00:00,31.01,31.39,0.30
2020-04-30 05:00:00,30.85,31.27,0.27
2020-04-30 07:00:00,30.79,31.74,0.13
2020-04-30 09:00:00,31.20,31.77,0.08
2020-04-30 11:00:00,31.56,32.23,0.09
2020-04-30 13:00:00,32.06,33.09,0.08
2020-04-30 15:00:00,32.58,33.39,0.08
2020-04-30 17:00:00,32.66,33.16,0.21
2020-04-30 19:00:00,32.26,33.02,0.20
2020-05-04 05:00:00,35.13,36.02,0.19
2020-05-04 07:00:00,35.23,36.25,0.11
2020-05-04 09:00:00,35.56,36.48,0.08
2020-05-04 11:00:00,35.59,36.09,0.09
2020-05-04 13:00:00,35.32,36.32,0.08
2020-05-04 15:00:00,35.08,35.80,0.16
2020-05-04 17:00:00,35.06,35.74,0.30
2020-05-04 19:00:00,34.56,35.18,0.30
2020-05-05 05:00:00,33.97,34.23,0.23
2020-05-05 07:00:00,33.67,35.34,0.08
2020-05-05 09:00:00,34.34,35.28,0.08
2020-05-05 11:00:00,34.23,34.85,0.08
2020-05-05 13:00:00,33.67,34.39,0.08
2020-05-05 15:00:00,33.44,33.88,0.08
2020-05-05 17:00:00,33.46,33.95,0.18
2020-05-05 19:00:00,33.36,34.12,0.20
2020-05-06 05:00:00,33.66,34.11,0.25
2020-05-06 07:00:00,33.26,34.02,0.08
2020-05-06 09:00:00,33.19,33.44,0.08
2020-05-06 11:00:00,33.23,33.66,0.08
2020-05-06 13:00:00,33.16,34.27,0.08
2020-05-06 15:00:00,33.33,34.14,0.12
2020-05-06 17:00:00,33.42,33.93,0.15
2020-05-06 19:00:00,33.52,34.13,0.19
2020-05-07 05:00:00,33.39,33.72,0.21
2020-05-07 07:00:00,32.99,33.63,0.08
2020-05-07 09:00:00,32.89,33.16,0.08
2020-05-07 11:00:00,32.68,33.12,0.08
2020-05-07 13:00:00,32.44,33.05,0.08
2020-05-07 15:00:00,32.25,32.86,0.08
2020-05-07 17:00:00,32.33,32.68,0.18
2020-05-07 19:00:00,32.61,32.86,0.24
2020-05-08 05:00:00,31.55,32.09,0.19
2020-05-08 07:00:00,31.65,32.01,0.08
2020-05-08 09:00:00,31.41,31.88,0.08
2020-05-08 11:00:00,31.17,31.64,0.14
2020-05-08 13:00:00,30.92,31.57,0.08
2020-05-08 15:00:00,30.21,31.01,0.08
2020-05-08 17:00:00,30.31,30.78,0.14
2020-05-08 19:00:00,29.99,30.47,0.24
2020-05-11 05:00:00,29.33,30.07,0.18
2020-05-11 07:00:00,29.23,29.79,0.08
2020-05-11 09:00:00,29.56,30.25,0.08
2020-05-11 11:00:00,30.04,31.32,0.08
2020-05-11 13:00:00,29.95,31.18,0.08
2020-05-11 15:00:00,28.82,30.15,0.11
2020-05-11 17:00:00,28.59,29.12,0.16
2020-05-11 19:00:00,28.44,28.68,0.15
2020-05-12 05:00:00,29.25,29.98,0.15
2020-05-12 07:00:00,28.75,29.76,0.08
2020-05-12 09:00:00,28.49,29.00,0.08
2020-05-12 11:00:00,27.76,28.65,0.08
2020-05-12 13:00:00,27.60,28.41,0.08
2020-05-12 15:00:00,27.60,28.17,0.08
2020-05-12 17:00:00,28.12,29.09,0.08
2020-05-12 19:00:00,28.83,30.50,0.20
2020-05-13 05:00:00,30.22,30.99,0.20
2020-05-13 07:00:00,30.28,31.44,0.08
2020-05-13 09:00:00,29.57,30.71,0.08
2020-05-13 11:00:00,29.92,30.34,0.08
2020-05-13 13:00:00,30.22,31.69,0.08
2020-05-13 15:00:00,31.20,33.45,0.08
2020-05-13 17:00:00,32.78,33.81,0.14
2020-05-13 19:00:00,33.16,34.53,0.18
2020-05-14 05:00:00,33.81,34.69,0.23
2020-05-14 07:00:00,33.22,34.54,0.08
2020-05-14 09:00:00,33.85,34.54,0.08
2020-05-14 11:00:00,34.19,36.02,0.08
2020-05-14 13:00:00,34.70,36.49,0.08
2020-05-14 15:00:00,33.80,35.02,0.11
2020-05-14 17:00:00,33.22,34.42,0.14
2020-05-14 19:00:00,32.34,33.91,0.25
2020-05-15 05:00:00,32.16,32.89,0.16
2020-05-15 07:00:00,32.05,32.69,0.08
2020-05-15 09:00:00,31.80,32.99,0.11
2020-05-15 11:00:00,32.89,33.76,0.08
2020-05-15 13:00:00,32.30,33.75,0.14
2020-05-15 15:00:00,32.41,33.41,0.14
2020-05-15 17:00:00,32.12,32.83,0.18
2020-05-15 19:00:00,31.81,32.51,0.16
2020-05-18 05:00:00,30.94,31.52,0.27
2020-05-18 07:00:00,30.38,31.20,0.09
2020-05-18 09:00:00,30.55,30.95,0.14
2020-05-18 11:00:00,29.33,30.71,0.08
2020-05-18 13:00:00,29.13,29.68,0.08
2020-05-18 15:00:00,28.98,29.38,0.08
2020-05-18 17:00:00,28.87,29.22,0.20
2020-05-18 19:00:00,28.91,29.16,0.22
2020-05-19 05:00:00,28.05,29.05,0.17
2020-05-19 07:00:00,28.27,29.73,0.19
2020-05-19 09:00:00,29.25,30.06,0.11
2020-05-19 11:00:00,29.07,29.74,0.12
2020-05-19 13:00:00,29.23,30.00,0.08
2020-05-19 15:00:00,28.96,29.34,0.14
2020-05-19 17:00:00,28.78,29.72,0.24
2020-05-19 19:00:00,29.40,31.29,0.30
2020-05-20 05:00:00,30.01,30.95,0.16
2020-05-20 07:00:00,29.05,30.24,0.08
2020-05-20 09:00:00,28.69,29.40,0.08
2020-05-20 11:00:00,28.82,29.31,0.08
2020-05-20 13:00:00,28.49,29.01,0.08
2020-05-20 15:00:00,28.59,29.34,0.08
2020-05-20 17:00:00,28.82,29.54,0.11
2020-05-20 19:00:00,28.59,29.15,0.30
2020-05-21 05:00:00,29.05,29.44,0.22
2020-05-21 07:00:00,29.02,29.69,0.11
2020-05-21 09:00:00,28.87,29.32,0.08
2020-05-21 11:00:00,28.57,29.23,0.08
2020-05-21 13:00:00,28.50,29.42,0.08
2020-05-21 15:00:00,29.22,30.04,0.12
2020-05-21 17:00:00,29.24,29.84,0.23
2020-05-21 19:00:00,29.45,29.79,0.30
2020-05-22 05:00:00,30.33,30.84,0.19
2020-05-22 07:00:00,30.47,31.29,0.08
2020-05-22 09:00:00,30.23,30.71,0.08
2020-05-22 11:00:00,29.63,30.43,0.08
2020-05-22 13:00:00,29.56,30.28,0.08
2020-05-22 15:00:00,29.63,30.23,0.19
2020-05-22 17:00:00,29.43,29.88,0.25
2020-05-22 19:00:00,29.46,29.87,0.20
2020-05-25 05:00:00,28.87,29.30,0.08
2020-05-25 07:00:00,28.83,29.81,0.08
2020-05-25 09:00:00,28.87,29.22,0.08
2020-05-25 11:00:00,28.63,28.94,0.08
2020-05-25 13:00:00,28.63,28.95,0.08
2020-05-25 15:00:00,28.26,28.82,0.08
2020-05-25 17:00:00,28.24,28.36,0.12
2020-05-25 19:00:00,28.30,28.43,0.25
2020-05-26 05:00:00,27.69,27.98,0.14
2020-05-26 07:00:00,27.75,28.30,0.14
2020-05-26 09:00:00,27.82,28.46,0.08
2020-05-26 11:00:00,28.25,28.59,0.08
2020-05-26 13:00:00,28.11,28.48,0.08
2020-05-26 15:00:00,28.00,28.40,0.08
2020-05-26 17:00:00,27.93,28.27,0.08
2020-05-26 19:00:00,28.11,29.05,0.16
2020-05-27 05:00:00,28.00,28.49,0.18
2020-05-27 07:00:00,27.82,28.54,0.08
2020-05-27 09:00:00,27.54,28.03,0.08
2020-05-27 11:00:00,27.57,28.08,0.08
2020-05-27 13:00:00,27.78,29.97,0.08
2020-05-27 15:00:00,28.87,29.89,0.09
2020-05-27 17:00:00,28.70,29.27,0.13
2020-05-27 19:00:00,28.53,29.01,0.12
2020-05-28 05:00:00,28.43,28.91,0.21
2020-05-28 07:00:00,28.23,29.07,0.08
2020-05-28 09:00:00,28.33,28.92,0.08
2020-05-28 11:00:00,28.39,28.67,0.08
2020-05-28 13:00:00,28.34,28.84,0.08
2020-05-28 15:00:00,28.55,28.94,0.08
2020-05-28 17:00:00,28.43,28.88,0.15
2020-05-28 19:00:00,28.65,29.80,0.24
2020-05-29 05:00:00,29.09,29.75,0.18
2020-05-29 07:00:00,29.37,29.95,0.08
2020-05-29 09:00:00,29.28,29.88,0.08
2020-05-29 11:00:00,29.22,29.69,0.08
2020-05-29 13:00:00,29.32,30.06,0.08
2020-05-29 15:00:00,29.52,30.26,0.09
2020-05-29 17:00:00,29.39,30.35,0.29
2020-05-29 19:00:00,28.96,29.55,0.14
2020-06-02 05:00:00,28.66,28.95,0.14
2020-06-02 07:00:00,28.07,28.84,0.08
2020-06-02 09:00:00,27.97,28.47,0.08
2020-06-02 11:00:00,28.15,28.57,0.08
2020-06-02 13:00:00,28.05,28.48,0.08
2020-06-02 15:00:00,28.31,28.67,0.08
2020-06-02 17:00:00,28.13,28.38,0.15
2020-06-02 19:00:00,27.87,28.37,0.24
2020-06-03 05:00:00,27.63,27.88,0.15
2020-06-03 07:00:00,27.61,27.94,0.08
2020-06-03 09:00:00,27.51,28.11,0.08
2020-06-03 11:00:00,27.80,28.11,0.08
2020-06-03 13:00:00,27.68,28.08,0.08
2020-06-03 15:00:00,27.45,27.83,0.11
2020-06-03 17:00:00,27.18,27.60,0.08
2020-06-03 19:00:00,27.16,27.38,0.14
2020-06-04 05:00:00,27.49,27.87,0.19
2020-06-04 07:00:00,27.01,27.88,0.08
2020-06-04 09:00:00,27.27,27.76,0.08
2020-06-04 11:00:00,26.68,27.56,0.08
2020-06-04 13:00:00,26.27,27.23,0.08
2020-06-04 15:00:00,26.31,27.25,0.08
2020-06-04 17:00:00,26.71,27.26,0.17
2020-06-04 19:00:00,26.78,27.56,0.30
2020-06-05 05:00:00,26.00,26.54,0.30
2020-06-05 07:00:00,26.02,26.51,0.08
2020-06-05 09:00:00,26.10,26.61,0.08
2020-06-05 11:00:00,25.55,26.67,0.08
2020-06-05 13:00:00,25.48,25.94,0.08
2020-06-05 15:00:00,25.60,25.93,0.08
2020-06-05 17:00:00,25.70,26.12,0.16
2020-06-05 19:00:00,25.80,26.07,0.28
2020-06-08 05:00:00,25.69,25.95,0.15
2020-06-08 07:00:00,25.68,26.14,0.08
2020-06-08 09:00:00,25.56,25.99,0.08
2020-06-08 11:00:00,25.54,25.88,0.08
2020-06-08 13:00:00,25.60,26.50,0.08
2020-06-08 15:00:00,25.88,26.28,0.08
2020-06-08 17:00:00,26.19,26.38,0.08
2020-06-08 19:00:00,26.34,26.76,0.30
2020-06-09 05:00:00,26.50,26.71,0.21
2020-06-09 07:00:00,26.41,27.71,0.08
2020-06-09 09:00:00,27.23,27.89,0.08
2020-06-09 11:00:00,26.99,27.66,0.08
2020-06-09 13:00:00,27.14,27.79,0.08
2020-06-09 15:00:00,27.11,27.88,0.08
2020-06-09 17:00:00,27.29,27.68,0.12
2020-06-09 19:00:00,27.41,27.93,0.23
2020-06-10 05:00:00,27.32,27.61,0.11
2020-06-10 07:00:00,27.20,27.80,0.08
2020-06-10 09:00:00,27.75,28.53,0.08
2020-06-10 11:00:00,27.60,28.10,0.08
2020-06-10 13:00:00,27.64,28.58,0.08
2020-06-10 15:00:00,27.60,28.39,0.08
2020-06-10 17:00:00,26.85,28.06,0.16
2020-06-10 19:00:00,27.37,28.02,0.16
2020-06-11 05:00:00,29.63,30.09,0.08
2020-06-11 07:00:00,29.74,30.45,0.08
2020-06-11 09:00:00,29.77,30.40,0.08
2020-06-11 11:00:00,30.18,31.31,0.08
2020-06-11 13:00:00,30.26,31.56,0.08
2020-06-11 15:00:00,30.97,33.66,0.08
2020-06-11 17:00:00,32.45,36.09,0.16
2020-06-11 19:00:00,35.20,37.85,0.27
2020-06-12 05:00:00,34.27,35.47,0.08
2020-06-12 07:00:00,32.80,35.47,0.08
2020-06-12 09:00:00,32.80,34.04,0.08
2020-06-12 11:00:00,33.39,34.83,0.08
2020-06-12 13:00:00,33.07,36.70,0.08
2020-06-12 15:00:00,35.70,38.42,0.21
2020-06-12 17:00:00,35.28,38.29,0.27
2020-06-12 19:00:00,33.27,35.77,0.19
2020-06-15 05:00:00,37.00,38.42,0.30
2020-06-15 07:00:00,36.77,38.48,0.09
2020-06-15 09:00:00,36.34,37.45,0.09
2020-06-15 11:00:00,36.20,37.07,0.13
2020-06-15 13:00:00,34.70,36.94,0.11
2020-06-15 15:00:00,33.73,35.21,0.16
2020-06-15 17:00:00,32.72,34.42,0.21
2020-06-15 19:00:00,32.74,34.24,0.30
2020-06-16 05:00:00,31.10,32.08,0.22
2020-06-16 07:00:00,31.46,32.48,0.08
2020-06-16 09:00:00,31.63,32.30,0.08
2020-06-16 11:00:00,30.45,31.80,0.09
2020-06-16 13:00:00,30.63,33.16,0.08
2020-06-16 15:00:00,31.55,33.95,0.30
2020-06-16 17:00:00,31.52,32.65,0.30
2020-06-16 19:00:00,32.39,33.01,0.30
2020-06-17 05:00:00,31.96,32.48,0.30
2020-06-17 07:00:00,31.59,32.44,0.26
2020-06-17 09:00:00,31.84,32.72,0.17
2020-06-17 11:00:00,31.67,32.14,0.08
2020-06-17 13:00:00,31.67,33.28,0.08
2020-06-17 15:00:00,31.99,32.95,0.08
2020-06-17 17:00:00,32.04,32.50,0.08
2020-06-17 19:00:00,32.25,33.24,0.08
2020-06-18 05:00:00,32.52,33.57,0.08
2020-06-18 07:00:00,31.92,32.87,0.08
2020-06-18 09:00:00,31.92,32.77,0.08
2020-06-18 11:00:00,32.52,33.53,0.08
2020-06-18 13:00:00,32.58,33.33,0.08
2020-06-18 15:00:00,32.36,32.95,0.08
2020-06-18 17:00:00,32.09,32.60,0.08
2020-06-18 19:00:00,31.90,32.61,0.08
2020-06-19 05:00:00,31.54,32.26,0.08
2020-06-19 07:00:00,31.38,31.97,0.08
2020-06-19 09:00:00,31.03,31.49,0.08
2020-06-19 11:00:00,30.76,31.29,0.08
2020-06-19 13:00:00,30.65,31.28,0.08
2020-06-19 15:00:00,30.90,33.23,0.08
2020-06-19 17:00:00,32.26,33.51,0.08
2020-06-19 19:00:00,32.22,32.91,0.08
2020-06-22 05:00:00,32.44,33.36,0.19
2020-06-22 07:00:00,31.88,32.90,0.08
2020-06-22 09:00:00,31.73,32.46,0.08
2020-06-22 11:00:00,32.11,32.72,0.08
2020-06-22 13:00:00,32.08,32.78,0.08
2020-06-22 15:00:00,31.21,32.53,0.08
2020-06-22 17:00:00,31.02,31.45,0.08
2020-06-22 19:00:00,31.00,31.84,0.25
2020-06-23 05:00:00,30.75,31.45,0.14
2020-06-23 07:00:00,30.00,31.10,0.08
2020-06-23 09:00:00,29.88,30.43,0.08
2020-06-23 11:00:00,29.73,30.20,0.08
2020-06-23 13:00:00,29.83,30.74,0.08
2020-06-23 15:00:00,30.02,30.60,0.08
2020-06-23 17:00:00,30.06,30.44,0.09
2020-06-23 19:00:00,30.30,30.83,0.25
2020-06-24 05:00:00,30.63,31.15,0.08
2020-06-24 07:00:00,30.56,32.30,0.08
2020-06-24 09:00:00,31.48,32.32,0.08
2020-06-24 11:00:00,31.49,31.91,0.08
2020-06-24 13:00:00,31.19,32.77,0.08
2020-06-24 15:00:00,32.54,34.25,0.08
2020-06-24 17:00:00,32.94,34.01,0.10
2020-06-24 19:00:00,32.62,33.60,0.25
2020-06-25 05:00:00,33.44,34.00,0.21
2020-06-25 07:00:00,32.71,34.78,0.08
2020-06-25 09:00:00,32.65,33.38,0.08
2020-06-25 11:00:00,32.94,33.67,0.08
2020-06-25 13:00:00,32.06,33.64,0.08
2020-06-25 15:00:00,31.63,32.87,0.12
2020-06-25 17:00:00,31.62,32.25,0.11
2020-06-25 19:00:00,31.04,32.04,0.19
2020-06-26 05:00:00,31.27,31.70,0.18
2020-06-26 07:00:00,31.21,31.92,0.08
2020-06-26 09:00:00,30.77,31.43,0.08
2020-06-26 11:00:00,30.67,31.52,0.08
2020-06-26 13:00:00,31.14,33.06,0.08
2020-06-26 15:00:00,32.21,32.96,0.08
2020-06-26 17:00:00,32.18,33.35,0.14
2020-06-26 19:00:00,32.61,33.28,0.15
