2019-06-28T05:00:00,14.75,14.83,14.88,14.96
2019-06-28T07:00:00,14.68,14.76,14.85,14.93
2019-06-28T09:00:00,14.72,14.8,14.83,14.91
2019-06-28T11:00:00,14.68,14.76,14.77,14.85
2019-06-28T13:00:00,14.57,14.65,14.72,14.8
2019-06-28T15:00:00,14.58,14.66,14.66,14.74
2019-06-28T17:00:00,14.62,14.7,14.68,14.76
2019-06-28T19:00:00,14.59,14.67,14.69,14.77
2019-07-01T05:00:00,14.01,14.09,14.17,14.25
2019-07-01T07:00:00,13.94,14.02,14.11,14.19
2019-07-01T09:00:00,14.01,14.09,14.11,14.19
2019-07-01T11:00:00,13.97,14.05,14.07,14.15
2019-07-01T13:00:00,13.94,14.02,14.05,14.13
2019-07-01T15:00:00,13.97,14.05,14.15,14.23
2019-07-01T17:00:00,14.14,14.22,14.23,14.31
2019-07-01T19:00:00,14.03,14.11,14.18,14.26
2019-07-02T05:00:00,13.95,14.03,14.09,14.17
2019-07-02T07:00:00,13.88,13.96,14.0,14.08
2019-07-02T09:00:00,13.88,13.96,14.0,14.08
2019-07-02T11:00:00,13.86,13.94,13.96,14.04
2019-07-02T13:00:00,13.69,13.77,13.86,13.94
2019-07-02T15:00:00,13.67,13.75,13.89,13.97
2019-07-02T17:00:00,13.7,13.78,13.86,13.94
2019-07-02T19:00:00,13.61,13.69,13.7,13.78
2019-07-03T05:00:00,13.67,13.75,13.68,13.76
2019-07-03T07:00:00,13.43,13.51,13.7,13.78
2019-07-03T09:00:00,13.41,13.49,13.49,13.57
2019-07-03T11:00:00,13.39,13.47,13.53,13.61
2019-07-03T13:00:00,13.39,13.47,13.51,13.59
2019-07-03T15:00:00,13.44,13.52,13.54,13.62
2019-07-03T17:00:00,13.4,13.48,13.45,13.53
2019-07-03T19:00:00,13.26,13.41,13.43,13.52
2019-07-04T05:00:00,13.4,13.48,13.48,13.56
2019-07-04T07:00:00,13.42,13.5,13.55,13.63
2019-07-04T09:00:00,13.5,13.58,13.58,13.66
2019-07-04T11:00:00,13.57,13.65,13.67,13.75
2019-07-04T13:00:00,13.59,13.67,13.71,13.79
2019-07-04T15:00:00,13.55,13.63,13.61,13.69
2019-07-04T17:00:00,13.54,13.62,13.55,13.63
2019-07-04T19:00:00,13.54,13.62,13.59,13.67
2019-07-05T05:00:00,13.52,13.68,13.65,13.79
2019-07-05T07:00:00,13.62,13.7,13.79,13.87
2019-07-05T09:00:00,13.68,13.76,13.78,13.86
2019-07-05T11:00:00,13.71,13.79,13.9,13.98
2019-07-05T13:00:00,13.83,13.91,14.22,14.3
2019-07-05T15:00:00,13.83,13.91,14.12,14.2
2019-07-05T17:00:00,13.7,13.78,13.91,13.99
2019-07-05T19:00:00,13.7,13.81,13.88,14.03
2019-07-08T05:00:00,14.14,14.22,14.21,14.29
2019-07-08T07:00:00,14.04,14.12,14.21,14.29
2019-07-08T09:00:00,14.05,14.13,14.15,14.23
2019-07-08T11:00:00,14.01,14.09,14.12,14.2
2019-07-08T13:00:00,14.08,14.16,14.21,14.29
2019-07-08T15:00:00,14.07,14.15,14.17,14.25
2019-07-08T17:00:00,14.02,14.1,14.14,14.22
2019-07-08T19:00:00,13.97,14.05,14.08,14.16
2019-07-09T05:00:00,14.32,14.4,14.41,14.49
2019-07-09T07:00:00,14.27,14.35,14.67,14.75
2019-07-09T09:00:00,14.34,14.42,14.54,14.62
2019-07-09T11:00:00,14.29,14.37,14.41,14.49
2019-07-09T13:00:00,14.19,14.27,14.42,14.5
2019-07-09T15:00:00,14.13,14.21,14.24,14.32
2019-07-09T17:00:00,14.14,14.22,14.19,14.27
2019-07-09T19:00:00,14.17,14.25,14.22,14.3
2019-07-10T05:00:00,14.22,14.3,14.27,14.35
2019-07-10T07:00:00,14.24,14.32,14.37,14.45
2019-07-10T09:00:00,14.31,14.39,14.42,14.5
2019-07-10T11:00:00,14.05,14.13,14.42,14.5
2019-07-10T13:00:00,13.91,13.99,14.17,14.25
2019-07-10T15:00:00,14.0,14.08,14.18,14.26
2019-07-10T17:00:00,13.98,14.06,14.03,14.11
2019-07-10T19:00:00,13.97,14.05,14.02,14.1
2019-07-11T05:00:00,13.91,13.99,13.98,14.06
2019-07-11T07:00:00,13.88,13.96,13.99,14.07
2019-07-11T09:00:00,13.82,13.9,14.04,14.12
2019-07-11T11:00:00,13.84,13.92,13.94,14.02
2019-07-11T13:00:00,13.78,13.86,14.05,14.13
2019-07-11T15:00:00,13.78,13.86,13.95,14.03
2019-07-11T17:00:00,13.84,13.92,14.01,14.09
2019-07-11T19:00:00,13.87,13.95,13.95,14.03
2019-07-12T05:00:00,13.76,13.84,13.87,13.95
2019-07-12T07:00:00,13.76,13.84,13.9,13.98
2019-07-12T09:00:00,13.81,13.89,13.92,14.0
2019-07-12T11:00:00,13.87,13.95,13.93,14.01
2019-07-12T13:00:00,13.88,13.96,14.06,14.14
2019-07-12T15:00:00,13.85,13.93,14.05,14.13
2019-07-12T17:00:00,13.9,13.98,13.95,14.03
2019-07-12T19:00:00,13.91,13.99,14.0,14.08
2019-07-15T05:00:00,13.9,13.98,14.0,14.08
2019-07-15T07:00:00,13.84,13.92,14.05,14.13
2019-07-15T09:00:00,13.89,13.97,14.06,14.14
2019-07-15T11:00:00,13.86,13.94,13.97,14.05
2019-07-15T13:00:00,13.92,14.0,14.04,14.12
2019-07-15T15:00:00,13.92,14.0,14.02,14.1
2019-07-15T17:00:00,13.98,14.06,14.03,14.11
2019-07-15T19:00:00,13.92,14.08,14.03,14.22
2019-07-16T05:00:00,14.0,14.08,14.05,14.13
2019-07-16T07:00:00,13.9,13.98,14.05,14.13
2019-07-16T09:00:00,13.85,13.93,13.95,14.03
2019-07-16T11:00:00,13.71,13.79,13.86,13.94
2019-07-16T13:00:00,13.66,13.74,13.86,13.94
2019-07-16T15:00:00,13.71,13.79,13.91,13.99
2019-07-16T17:00:00,13.76,13.9,13.92,14.03
2019-07-16T19:00:00,13.73,13.9,13.87,14.11
2019-07-17T05:00:00,13.79,13.87,13.93,14.1
2019-07-17T07:00:00,13.74,13.82,13.84,13.92
2019-07-17T09:00:00,13.79,13.87,13.9,13.98
2019-07-17T11:00:00,13.85,13.93,13.94,14.02
2019-07-17T13:00:00,13.9,13.98,14.29,14.37
2019-07-17T15:00:00,14.1,14.18,14.3,14.38
2019-07-17T17:00:00,14.15,14.23,14.21,14.29
2019-07-17T19:00:00,14.16,14.24,14.31,14.39
2019-07-18T05:00:00,14.56,14.64,14.62,14.7
2019-07-18T07:00:00,14.37,14.45,14.71,14.79
2019-07-18T09:00:00,14.28,14.36,14.52,14.6
2019-07-18T11:00:00,14.28,14.36,14.43,14.51
2019-07-18T13:00:00,14.28,14.36,14.38,14.46
2019-07-18T15:00:00,14.33,14.41,14.62,14.7
2019-07-18T17:00:00,14.24,14.32,14.49,14.57
2019-07-18T19:00:00,14.16,14.27,14.37,14.56
2019-07-19T05:00:00,14.12,14.24,14.21,14.4
2019-07-19T07:00:00,14.14,14.22,14.26,14.34
2019-07-19T09:00:00,14.22,14.3,14.66,14.74
2019-07-19T11:00:00,14.43,14.51,14.74,14.82
2019-07-19T13:00:00,14.28,14.36,14.47,14.55
2019-07-19T15:00:00,14.09,14.17,14.33,14.41
2019-07-19T17:00:00,14.04,14.12,14.26,14.36
2019-07-19T19:00:00,14.15,14.32,14.41,14.57
2019-07-22T05:00:00,14.38,14.46,14.48,14.56
2019-07-22T07:00:00,14.24,14.32,14.43,14.51
2019-07-22T09:00:00,14.21,14.29,14.35,14.43
2019-07-22T11:00:00,14.16,14.24,14.27,14.35
2019-07-22T13:00:00,14.18,14.26,14.35,14.43
2019-07-22T15:00:00,14.28,14.36,14.39,14.47
2019-07-22T17:00:00,14.24,14.32,14.34,14.42
2019-07-22T19:00:00,14.17,14.27,14.3,14.44
2019-07-23T05:00:00,14.13,14.21,14.23,14.31
2019-07-23T07:00:00,14.03,14.11,14.21,14.29
2019-07-23T09:00:00,13.97,14.05,14.07,14.15
2019-07-23T11:00:00,13.89,13.97,13.98,14.06
2019-07-23T13:00:00,13.88,13.96,13.98,14.06
2019-07-23T15:00:00,13.93,14.01,14.12,14.2
2019-07-23T17:00:00,13.97,14.05,14.07,14.15
2019-07-23T19:00:00,13.89,13.97,13.99,14.07
2019-07-24T05:00:00,14.03,14.11,14.08,14.16
2019-07-24T07:00:00,14.03,14.11,14.17,14.25
2019-07-24T09:00:00,14.09,14.17,14.15,14.23
2019-07-24T11:00:00,14.09,14.17,14.14,14.22
2019-07-24T13:00:00,14.04,14.12,14.18,14.26
2019-07-24T15:00:00,13.9,13.98,14.06,14.14
2019-07-24T17:00:00,13.86,13.94,13.95,14.03
2019-07-24T19:00:00,13.76,13.9,13.88,14.03
2019-07-25T05:00:00,13.8,13.94,13.96,14.05
2019-07-25T07:00:00,13.88,13.96,14.02,14.1
2019-07-25T09:00:00,13.91,13.99,14.06,14.14
2019-07-25T11:00:00,13.68,13.76,14.03,14.11
2019-07-25T13:00:00,13.75,13.83,14.63,14.71
2019-07-25T15:00:00,14.08,14.16,14.38,14.46
2019-07-25T17:00:00,14.14,14.22,14.31,14.39
2019-07-25T19:00:00,14.11,14.26,14.27,14.42
2019-07-26T05:00:00,14.04,14.12,14.19,14.27
2019-07-26T07:00:00,13.98,14.06,14.18,14.26
2019-07-26T09:00:00,13.83,13.91,13.98,14.06
2019-07-26T11:00:00,13.93,14.01,14.05,14.13
2019-07-26T13:00:00,13.83,13.91,13.97,14.05
2019-07-26T15:00:00,13.79,13.87,13.89,13.97
2019-07-26T17:00:00,13.83,13.91,13.85,13.93
2019-07-26T19:00:00,13.76,13.91,13.85,14.02
2019-07-29T05:00:00,13.94,14.08,14.05,14.2
2019-07-29T07:00:00,13.77,13.85,14.0,14.08
2019-07-29T09:00:00,13.83,13.91,13.96,14.04
2019-07-29T11:00:00,13.73,13.81,13.84,13.92
2019-07-29T13:00:00,13.7,13.78,13.86,13.94
2019-07-29T15:00:00,13.73,13.81,13.92,14.0
2019-07-29T17:00:00,13.71,13.85,13.81,13.96
2019-07-29T19:00:00,13.69,13.87,13.84,13.99
2019-07-30T05:00:00,13.71,13.85,13.82,13.96
2019-07-30T07:00:00,13.81,13.89,14.17,14.25
2019-07-30T09:00:00,13.99,14.07,14.2,14.28
2019-07-30T11:00:00,14.15,14.23,14.59,14.67
2019-07-30T13:00:00,14.44,14.52,14.62,14.7
2019-07-30T15:00:00,14.32,14.4,14.56,14.64
2019-07-30T17:00:00,14.4,14.52,14.58,14.66
2019-07-30T19:00:00,14.42,14.67,14.48,14.76
2019-07-31T05:00:00,14.3,14.38,14.54,14.62
2019-07-31T07:00:00,14.19,14.27,14.48,14.56
2019-07-31T09:00:00,14.25,14.33,14.38,14.46
2019-07-31T11:00:00,14.23,14.31,14.36,14.44
2019-07-31T13:00:00,14.27,14.35,14.39,14.47
2019-07-31T15:00:00,14.26,14.34,14.47,14.55
2019-07-31T17:00:00,14.21,14.29,15.08,15.25
2019-07-31T19:00:00,14.38,14.56,14.85,14.93
2019-08-01T05:00:00,14.54,14.66,14.69,14.79
2019-08-01T07:00:00,14.4,14.48,14.68,14.76
2019-08-01T09:00:00,14.36,14.44,14.61,14.69
2019-08-01T11:00:00,14.62,14.7,14.81,14.89
2019-08-01T13:00:00,14.66,14.74,14.95,15.03
2019-08-01T15:00:00,14.46,14.54,14.81,14.89
2019-08-01T17:00:00,14.51,14.59,16.45,16.53
2019-08-01T19:00:00,15.3,15.48,16.09,16.21
2019-08-02T05:00:00,15.67,15.86,15.98,16.19
2019-08-02T07:00:00,15.77,15.85,16.24,16.32
2019-08-02T09:00:00,15.86,15.94,16.12,16.2
2019-08-02T11:00:00,16.01,16.09,16.34,16.42
2019-08-02T13:00:00,15.96,16.04,16.86,16.94
2019-08-02T15:00:00,16.51,16.59,16.92,17.0
2019-08-02T17:00:00,16.55,16.66,16.97,17.05
2019-08-02T19:00:00,16.36,16.63,16.83,17.01
2019-08-05T05:00:00,16.93,17.06,17.28,17.4
2019-08-05T07:00:00,16.94,17.02,18.0,18.08
2019-08-05T09:00:00,17.5,17.58,17.97,18.05
2019-08-05T11:00:00,17.73,17.81,17.99,18.07
2019-08-05T13:00:00,17.81,17.89,18.15,18.23
2019-08-05T15:00:00,17.79,17.87,18.44,18.52
2019-08-05T17:00:00,18.06,18.14,18.76,18.87
2019-08-05T19:00:00,18.4,18.56,19.02,19.14
2019-08-06T05:00:00,18.05,18.13,18.36,18.51
2019-08-06T07:00:00,17.8,17.88,18.25,18.33
2019-08-06T09:00:00,17.59,17.67,17.89,17.97
2019-08-06T11:00:00,17.86,17.94,18.07,18.15
2019-08-06T13:00:00,17.71,17.79,18.24,18.32
2019-08-06T15:00:00,18.19,18.27,18.71,18.79
2019-08-06T17:00:00,18.04,18.12,18.6,18.68
2019-08-06T19:00:00,17.79,17.91,18.2,18.38
2019-08-07T05:00:00,18.06,18.14,18.25,18.38
2019-08-07T07:00:00,17.73,17.81,18.21,18.29
2019-08-07T09:00:00,17.57,17.65,17.78,17.86
2019-08-07T11:00:00,17.74,17.82,18.59,18.67
2019-08-07T13:00:00,18.5,18.58,19.0,19.08
2019-08-07T15:00:00,18.45,18.56,18.78,18.86
2019-08-07T17:00:00,17.99,18.17,18.51,18.66
2019-08-07T19:00:00,17.8,17.93,18.21,18.4
2019-08-08T05:00:00,17.61,17.69,17.84,17.93
2019-08-08T07:00:00,17.6,17.68,18.12,18.2
2019-08-08T09:00:00,17.63,17.71,17.97,18.05
2019-08-08T11:00:00,17.73,17.81,17.97,18.05
2019-08-08T13:00:00,17.06,17.14,17.77,17.85
2019-08-08T15:00:00,16.84,16.92,17.25,17.33
2019-08-08T17:00:00,16.9,16.98,17.06,17.18
2019-08-08T19:00:00,16.8,16.88,17.04,17.21
2019-08-09T05:00:00,16.97,17.12,17.34,17.42
2019-08-09T07:00:00,17.19,17.27,17.72,17.8
2019-08-09T09:00:00,17.4,17.48,17.66,17.74
2019-08-09T11:00:00,17.44,17.52,17.59,17.67
2019-08-09T13:00:00,17.28,17.36,17.79,17.87
2019-08-09T15:00:00,17.49,17.57,17.87,17.95
2019-08-09T17:00:00,17.32,17.4,17.63,17.71
2019-08-09T19:00:00,17.24,17.36,17.62,17.77
2019-08-12T05:00:00,17.43,17.51,17.57,17.71
2019-08-12T07:00:00,17.08,17.16,17.67,17.75
2019-08-12T09:00:00,17.55,17.63,17.94,18.02
2019-08-12T11:00:00,17.75,17.83,17.98,18.06
2019-08-12T13:00:00,17.75,17.83,18.13,18.21
2019-08-12T15:00:00,17.89,17.97,18.14,18.22
2019-08-12T17:00:00,17.94,18.06,18.54,18.66
2019-08-12T19:00:00,18.3,18.44,18.6,18.71
2019-08-13T05:00:00,18.31,18.45,18.67,18.75
2019-08-13T07:00:00,18.39,18.47,18.77,18.85
2019-08-13T09:00:00,18.4,18.48,18.86,18.94
2019-08-13T11:00:00,18.4,18.48,18.68,18.76
2019-08-13T13:00:00,17.31,17.39,18.67,18.75
2019-08-13T15:00:00,17.17,17.25,17.75,17.83
2019-08-13T17:00:00,17.19,17.27,17.45,17.55
2019-08-13T19:00:00,17.16,17.43,17.46,17.58
2019-08-14T05:00:00,17.1,17.22,17.34,17.53
2019-08-14T07:00:00,17.18,17.26,17.54,17.62
2019-08-14T09:00:00,17.39,17.47,18.15,18.23
2019-08-14T11:00:00,18.05,18.13,18.66,18.74
2019-08-14T13:00:00,18.32,18.4,19.32,19.4
2019-08-14T15:00:00,19.17,19.25,19.68,19.76
2019-08-14T17:00:00,19.29,19.37,19.8,19.88
2019-08-14T19:00:00,19.21,19.35,19.91,20.04
2019-08-15T05:00:00,18.87,18.95,19.2,19.37
2019-08-15T07:00:00,18.92,19.0,19.49,19.57
2019-08-15T09:00:00,19.4,19.48,20.82,20.9
2019-08-15T11:00:00,19.29,19.37,20.48,20.56
2019-08-15T13:00:00,19.38,19.46,19.97,20.05
2019-08-15T15:00:00,19.36,19.44,19.8,19.88
2019-08-15T17:00:00,19.57,19.65,20.17,20.25
2019-08-15T19:00:00,19.53,19.65,19.68,19.84
2019-08-16T05:00:00,19.03,19.11,19.18,19.3
2019-08-16T07:00:00,18.65,18.73,19.18,19.26
2019-08-16T09:00:00,18.57,18.65,18.95,19.03
2019-08-16T11:00:00,18.72,18.8,18.98,19.06
2019-08-16T13:00:00,18.47,18.55,19.09,19.17
2019-08-16T15:00:00,18.4,18.48,18.65,18.73
2019-08-16T17:00:00,18.31,18.39,18.53,18.61
2019-08-16T19:00:00,18.05,18.24,18.39,18.51
2019-08-19T05:00:00,17.58,17.66,17.8,18.02
2019-08-19T07:00:00,17.37,17.45,17.8,17.88
2019-08-19T09:00:00,17.34,17.42,17.75,17.83
2019-08-19T11:00:00,17.39,17.47,17.59,17.67
2019-08-19T13:00:00,17.37,17.45,17.64,17.72
2019-08-19T15:00:00,17.24,17.32,17.44,17.52
2019-08-19T17:00:00,17.19,17.27,17.31,17.39
2019-08-19T19:00:00,17.09,17.17,17.24,17.32
2019-08-20T05:00:00,16.9,16.98,17.12,17.26
2019-08-20T07:00:00,16.8,16.88,17.1,17.18
2019-08-20T09:00:00,16.86,16.94,17.01,17.09
2019-08-20T11:00:00,16.91,16.99,17.11,17.19
2019-08-20T13:00:00,17.11,17.19,17.57,17.65
2019-08-20T15:00:00,17.07,17.15,17.29,17.37
2019-08-20T17:00:00,17.07,17.15,17.43,17.51
2019-08-20T19:00:00,17.15,17.34,17.4,17.54
2019-08-21T05:00:00,17.11,17.19,17.23,17.31
2019-08-21T07:00:00,16.72,16.8,17.18,17.26
2019-08-21T09:00:00,16.79,16.87,17.04,17.12
2019-08-21T11:00:00,16.81,16.89,17.05,17.13
2019-08-21T13:00:00,16.8,16.88,16.96,17.04
2019-08-21T15:00:00,16.67,16.75,16.91,16.99
2019-08-21T17:00:00,16.68,16.76,16.8,16.88
2019-08-21T19:00:00,16.6,16.72,16.76,16.85
2019-08-22T05:00:00,16.77,16.85,16.96,17.04
2019-08-22T07:00:00,16.62,16.7,16.96,17.04
2019-08-22T09:00:00,16.79,16.87,17.16,17.24
2019-08-22T11:00:00,16.67,16.75,17.06,17.14
2019-08-22T13:00:00,16.72,16.8,17.76,17.84
2019-08-22T15:00:00,17.07,17.15,17.66,17.74
2019-08-22T17:00:00,17.02,17.1,17.27,17.35
2019-08-22T19:00:00,17.04,17.18,17.27,17.37
2019-08-23T05:00:00,16.8,16.94,17.02,17.14
2019-08-23T07:00:00,16.92,17.0,17.16,17.24
2019-08-23T09:00:00,16.93,17.01,17.22,17.3
2019-08-23T11:00:00,16.98,17.06,18.07,18.15
2019-08-23T13:00:00,17.09,17.17,17.87,17.95
2019-08-23T15:00:00,17.23,17.31,18.88,18.96
2019-08-23T17:00:00,18.73,18.81,19.01,19.09
2019-08-23T19:00:00,18.72,18.93,19.35,19.56
2019-08-26T05:00:00,18.83,18.91,19.31,19.4
2019-08-26T07:00:00,18.29,18.37,19.15,19.23
2019-08-26T09:00:00,18.12,18.2,18.65,18.73
2019-08-26T11:00:00,18.03,18.11,18.46,18.54
2019-08-26T13:00:00,18.1,18.18,18.99,19.07
2019-08-26T15:00:00,18.65,18.73,19.06,19.14
2019-08-26T17:00:00,18.61,18.69,18.95,19.03
2019-08-26T19:00:00,18.58,18.81,18.93,19.09
2019-08-27T05:00:00,18.67,18.77,18.87,19.02
2019-08-27T07:00:00,18.79,18.87,19.1,19.18
2019-08-27T09:00:00,18.52,18.6,19.0,19.08
2019-08-27T11:00:00,18.27,18.35,18.64,18.72
2019-08-27T13:00:00,18.15,18.23,18.53,18.61
2019-08-27T15:00:00,18.46,18.54,19.11,19.19
2019-08-27T17:00:00,18.73,18.83,19.12,19.2
2019-08-27T19:00:00,18.6,18.72,18.86,19.02
2019-08-28T05:00:00,18.62,18.76,18.77,18.9
2019-08-28T07:00:00,18.74,18.82,19.21,19.29
2019-08-28T09:00:00,18.88,18.96,19.21,19.29
2019-08-28T11:00:00,19.09,19.17,19.48,19.56
2019-08-28T13:00:00,18.95,19.03,19.45,19.53
2019-08-28T15:00:00,18.77,18.85,19.04,19.12
2019-08-28T17:00:00,18.74,18.82,18.99,19.07
2019-08-28T19:00:00,18.59,18.74,18.89,18.98
2019-08-29T05:00:00,18.8,18.88,18.92,19.07
2019-08-29T07:00:00,18.37,18.45,18.94,19.02
2019-08-29T09:00:00,18.09,18.17,18.41,18.49
2019-08-29T11:00:00,18.02,18.1,18.22,18.3
2019-08-29T13:00:00,17.95,18.03,18.37,18.45
2019-08-29T15:00:00,17.61,17.69,18.02,18.1
2019-08-29T17:00:00,17.63,17.71,17.72,17.8
2019-08-29T19:00:00,17.64,17.72,17.8,17.91
2019-08-30T05:00:00,17.65,17.81,17.86,17.97
2019-08-30T07:00:00,17.42,17.5,17.8,17.88
2019-08-30T09:00:00,17.38,17.46,17.52,17.6
2019-08-30T11:00:00,17.4,17.48,17.54,17.62
2019-08-30T13:00:00,17.36,17.44,17.66,17.74
2019-08-30T15:00:00,17.61,17.69,18.13,18.21
2019-08-30T17:00:00,17.85,17.93,17.99,18.17
2019-08-30T19:00:00,17.7,17.92,18.06,18.14
2019-09-02T05:00:00,18.08,18.28,18.26,18.41
2019-09-02T07:00:00,18.02,18.1,18.2,18.28
2019-09-02T09:00:00,17.95,18.03,18.14,18.22
2019-09-02T11:00:00,18.0,18.08,18.18,18.26
2019-09-02T13:00:00,18.18,18.26,18.46,18.54
2019-09-02T15:00:00,18.24,18.32,18.67,18.81
2019-09-02T17:00:00,18.4,18.51,18.56,18.72
2019-09-02T19:00:00,18.37,18.63,18.46,18.74
2019-09-03T05:00:00,18.22,18.42,18.78,18.86
2019-09-03T07:00:00,18.59,18.67,18.96,19.04
2019-09-03T09:00:00,18.61,18.69,18.93,19.01
2019-09-03T11:00:00,18.6,18.68,18.84,18.92
2019-09-03T13:00:00,18.54,18.62,19.26,19.34
2019-09-03T15:00:00,18.64,18.72,18.96,19.1
2019-09-03T17:00:00,18.81,18.89,18.94,19.02
2019-09-03T19:00:00,18.72,18.94,18.96,19.12
2019-09-04T05:00:00,18.26,18.34,18.38,18.56
2019-09-04T07:00:00,17.77,17.85,18.34,18.42
2019-09-04T09:00:00,17.75,17.83,17.97,18.05
2019-09-04T11:00:00,17.73,17.81,17.87,17.95
2019-09-04T13:00:00,17.73,17.81,18.06,18.14
2019-09-04T15:00:00,17.67,17.78,18.0,18.08
2019-09-04T17:00:00,17.69,17.77,17.84,17.92
2019-09-04T19:00:00,17.57,17.65,17.77,17.92
2019-09-05T05:00:00,16.81,17.1,17.4,17.48
2019-09-05T07:00:00,17.16,17.24,17.36,17.44
2019-09-05T09:00:00,17.07,17.15,17.29,17.37
2019-09-05T11:00:00,17.0,17.08,17.1,17.18
2019-09-05T13:00:00,16.89,16.97,17.09,17.17
2019-09-05T15:00:00,16.89,16.97,17.04,17.12
2019-09-05T17:00:00,16.82,16.96,16.98,17.07
2019-09-05T19:00:00,16.79,16.91,16.88,17.09
2019-09-06T05:00:00,16.87,16.98,17.03,17.14
2019-09-06T07:00:00,16.63,16.71,17.01,17.09
2019-09-06T09:00:00,16.5,16.58,16.75,16.83
2019-09-06T11:00:00,16.52,16.6,16.73,16.85
2019-09-06T13:00:00,16.41,16.49,16.7,16.78
2019-09-06T15:00:00,16.39,16.47,16.55,16.63
2019-09-06T17:00:00,16.33,16.41,16.41,16.49
2019-09-06T19:00:00,16.17,16.33,16.35,16.48
2019-09-09T05:00:00,16.24,16.34,16.38,16.54
2019-09-09T07:00:00,16.26,16.34,16.5,16.58
2019-09-09T09:00:00,16.31,16.39,16.44,16.52
2019-09-09T11:00:00,16.29,16.37,16.47,16.55
2019-09-09T13:00:00,16.28,16.36,16.51,16.59
2019-09-09T15:00:00,16.39,16.47,16.75,16.83
2019-09-09T17:00:00,16.56,16.65,16.72,16.81
2019-09-09T19:00:00,16.44,16.59,16.67,16.77
2019-09-10T05:00:00,16.51,16.59,16.62,16.78
2019-09-10T07:00:00,16.41,16.49,16.87,16.95
2019-09-10T09:00:00,16.56,16.64,16.8,16.88
2019-09-10T11:00:00,16.46,16.54,16.64,16.72
2019-09-10T13:00:00,16.49,16.57,16.73,16.81
2019-09-10T15:00:00,16.28,16.36,16.59,16.67
2019-09-10T17:00:00,16.36,16.44,16.59,16.73
2019-09-10T19:00:00,16.36,16.53,16.6,16.73
2019-09-11T05:00:00,16.28,16.4,16.42,16.56
2019-09-11T07:00:00,16.22,16.3,16.4,16.48
2019-09-11T09:00:00,16.37,16.45,16.49,16.57
2019-09-11T11:00:00,16.38,16.46,16.48,16.56
2019-09-11T13:00:00,16.24,16.32,16.6,16.68
2019-09-11T15:00:00,16.23,16.31,16.39,16.47
2019-09-11T17:00:00,16.37,16.45,16.45,16.53
2019-09-11T19:00:00,16.28,16.43,16.46,16.6
2019-09-12T05:00:00,16.26,16.39,16.38,16.54
2019-09-12T07:00:00,16.21,16.29,16.45,16.53
2019-09-12T09:00:00,16.31,16.39,16.47,16.55
2019-09-12T11:00:00,15.81,15.89,16.37,16.57
2019-09-12T13:00:00,15.8,15.88,16.32,16.4
2019-09-12T15:00:00,15.68,15.76,16.04,16.12
2019-09-12T17:00:00,15.67,15.75,15.82,15.94
2019-09-12T19:00:00,15.62,15.8,15.8,15.94
2019-09-13T05:00:00,15.7,15.81,15.8,15.95
2019-09-13T07:00:00,15.62,15.7,15.82,15.9
2019-09-13T09:00:00,15.59,15.67,15.77,15.85
2019-09-13T11:00:00,15.49,15.57,15.77,15.85
2019-09-13T13:00:00,15.54,15.62,15.81,15.89
2019-09-13T15:00:00,15.45,15.53,15.66,15.74
2019-09-13T17:00:00,15.61,15.69,15.7,15.78
2019-09-13T19:00:00,15.57,15.72,15.72,15.89
2019-09-16T05:00:00,16.03,16.14,16.24,16.35
2019-09-16T07:00:00,15.97,16.05,16.26,16.34
2019-09-16T09:00:00,16.16,16.24,16.31,16.39
2019-09-16T11:00:00,16.16,16.24,16.26,16.34
2019-09-16T13:00:00,16.06,16.14,16.27,16.35
2019-09-16T15:00:00,16.02,16.1,16.37,16.45
2019-09-16T17:00:00,16.1,16.18,16.27,16.35
2019-09-16T19:00:00,16.13,16.21,16.28,16.45
2019-09-17T05:00:00,16.25,16.39,16.39,16.53
2019-09-17T07:00:00,16.21,16.29,16.48,16.56
2019-09-17T09:00:00,16.34,16.42,16.49,16.57
2019-09-17T11:00:00,16.39,16.47,16.63,16.71
2019-09-17T13:00:00,16.34,16.42,16.59,16.67
2019-09-17T15:00:00,16.39,16.47,16.54,16.62
2019-09-17T17:00:00,16.42,16.5,16.49,16.57
2019-09-17T19:00:00,16.39,16.47,16.44,16.52
2019-09-18T05:00:00,16.39,16.47,16.51,16.7
2019-09-18T07:00:00,16.39,16.47,16.49,16.57
2019-09-18T09:00:00,16.35,16.43,16.49,16.57
2019-09-18T11:00:00,16.39,16.47,16.49,16.57
2019-09-18T13:00:00,16.39,16.47,16.64,16.72
2019-09-18T15:00:00,16.35,16.43,16.54,16.62
2019-09-18T17:00:00,16.3,16.38,16.64,16.72
2019-09-18T19:00:00,16.07,16.21,16.47,16.55
2019-09-19T05:00:00,16.28,16.36,16.4,16.48
2019-09-19T07:00:00,16.06,16.14,16.49,16.57
2019-09-19T09:00:00,16.06,16.14,16.3,16.38
2019-09-19T11:00:00,16.06,16.14,16.25,16.33
2019-09-19T13:00:00,15.68,15.76,16.16,16.24
2019-09-19T15:00:00,15.54,15.62,15.73,15.81
2019-09-19T17:00:00,15.64,15.72,15.74,15.82
2019-09-19T19:00:00,15.69,15.77,15.88,16.04
2019-09-20T05:00:00,15.64,15.72,15.76,15.95
2019-09-20T07:00:00,15.63,15.71,15.87,15.95
2019-09-20T09:00:00,15.62,15.7,15.87,15.95
2019-09-20T11:00:00,15.62,15.7,15.74,15.82
2019-09-20T13:00:00,15.46,15.54,15.64,15.72
2019-09-20T15:00:00,15.59,15.67,15.89,15.97
2019-09-20T17:00:00,15.8,15.88,16.31,16.39
2019-09-20T19:00:00,16.05,16.13,16.31,16.39
2019-09-23T05:00:00,15.99,16.07,16.14,16.22
2019-09-23T07:00:00,15.95,16.03,16.91,16.99
2019-09-23T09:00:00,16.49,16.57,16.83,16.91
2019-09-23T11:00:00,16.51,16.59,16.63,16.71
2019-09-23T13:00:00,16.54,16.62,16.72,16.8
2019-09-23T15:00:00,16.4,16.48,16.62,16.7
2019-09-23T17:00:00,16.36,16.44,16.45,16.53
2019-09-23T19:00:00,16.36,16.44,16.5,16.58
2019-09-24T05:00:00,16.28,16.36,16.4,16.48
2019-09-24T07:00:00,16.22,16.3,16.33,16.41
2019-09-24T09:00:00,16.02,16.1,16.23,16.31
2019-09-24T11:00:00,16.11,16.19,16.22,16.3
2019-09-24T13:00:00,16.15,16.23,16.48,16.56
2019-09-24T15:00:00,16.48,16.56,17.24,17.34
2019-09-24T17:00:00,16.73,16.81,17.27,17.35
2019-09-24T19:00:00,16.88,17.05,17.23,17.36
2019-09-25T05:00:00,16.81,17.02,17.09,17.17
2019-09-25T07:00:00,17.01,17.09,17.51,17.59
2019-09-25T09:00:00,17.16,17.24,17.54,17.62
2019-09-25T11:00:00,17.18,17.26,17.39,17.47
2019-09-25T13:00:00,17.08,17.16,17.67,17.75
2019-09-25T15:00:00,17.05,17.13,17.28,17.36
2019-09-25T17:00:00,17.0,17.08,17.21,17.29
2019-09-25T19:00:00,16.91,17.05,17.11,17.25
2019-09-26T05:00:00,16.97,17.13,17.15,17.27
2019-09-26T07:00:00,16.63,16.71,17.14,17.22
2019-09-26T09:00:00,16.62,16.7,16.8,16.88
2019-09-26T11:00:00,16.64,16.72,16.81,16.89
2019-09-26T13:00:00,16.7,16.78,17.0,17.08
2019-09-26T15:00:00,16.83,16.91,17.15,17.23
2019-09-26T17:00:00,16.79,16.91,17.04,17.16
2019-09-26T19:00:00,16.63,16.78,16.92,17.13
2019-09-27T05:00:00,16.66,16.78,16.79,16.97
2019-09-27T07:00:00,16.64,16.72,16.84,16.92
2019-09-27T09:00:00,16.52,16.6,16.73,16.81
2019-09-27T11:00:00,16.57,16.65,16.76,16.84
2019-09-27T13:00:00,16.62,16.7,16.87,16.95
2019-09-27T15:00:00,16.66,16.74,17.3,17.38
2019-09-27T17:00:00,17.08,17.16,17.62,17.77
2019-09-27T19:00:00,17.2,17.37,17.56,17.72
2019-09-30T05:00:00,16.95,17.03,17.16,17.4
2019-09-30T07:00:00,16.84,16.92,17.08,17.16
2019-09-30T09:00:00,16.77,16.85,16.93,17.01
2019-09-30T11:00:00,16.83,16.91,16.99,17.07
2019-09-30T13:00:00,16.75,16.83,16.98,17.06
2019-09-30T15:00:00,16.62,16.7,16.8,16.88
2019-09-30T17:00:00,16.61,16.69,16.72,16.8
2019-09-30T19:00:00,16.71,16.79,16.76,16.84
2019-10-01T05:00:00,16.36,16.5,16.49,16.62
2019-10-01T07:00:00,16.37,16.45,16.6,16.68
2019-10-01T09:00:00,16.43,16.51,16.65,16.73
2019-10-01T11:00:00,16.5,16.58,16.7,16.78
2019-10-01T13:00:00,16.45,16.53,17.17,17.25
2019-10-01T15:00:00,17.1,17.18,17.35,17.43
2019-10-01T17:00:00,17.23,17.37,17.44,17.52
2019-10-01T19:00:00,17.17,17.34,17.38,17.6
2019-10-02T05:00:00,17.28,17.38,17.45,17.56
2019-10-02T07:00:00,17.4,17.48,18.18,18.26
2019-10-02T09:00:00,17.88,17.96,18.32,18.4
2019-10-02T11:00:00,18.02,18.1,18.36,18.44
2019-10-02T13:00:00,18.26,18.34,19.13,19.21
2019-10-02T15:00:00,18.86,18.94,19.45,19.53
2019-10-02T17:00:00,18.87,18.95,19.42,19.5
2019-10-02T19:00:00,18.81,18.89,19.28,19.46
2019-10-03T07:00:00,18.57,18.65,18.83,18.91
2019-10-03T09:00:00,18.67,18.75,19.04,19.12
2019-10-03T11:00:00,18.76,18.84,19.15,19.23
2019-10-03T13:00:00,18.74,18.82,19.5,19.58
2019-10-03T15:00:00,18.57,18.65,19.01,19.09
2019-10-03T17:00:00,18.6,18.7,18.84,18.92
2019-10-03T19:00:00,18.55,18.63,18.76,18.9
2019-10-04T05:00:00,18.49,18.57,18.65,18.73
2019-10-04T07:00:00,18.4,18.48,18.72,18.8
2019-10-04T09:00:00,18.49,18.57,18.94,19.02
2019-10-04T11:00:00,18.18,18.26,18.58,18.72
2019-10-04T13:00:00,17.96,18.04,18.27,18.35
2019-10-04T15:00:00,17.69,17.77,18.06,18.14
2019-10-04T17:00:00,17.69,17.77,17.91,17.99
2019-10-04T19:00:00,17.52,17.6,17.69,17.77
2019-10-07T05:00:00,17.8,17.88,17.89,17.97
2019-10-07T07:00:00,17.62,17.7,17.95,18.03
2019-10-07T09:00:00,17.42,17.5,17.71,17.79
2019-10-07T11:00:00,17.39,17.47,17.67,17.75
2019-10-07T13:00:00,17.52,17.6,17.77,17.85
2019-10-07T15:00:00,17.43,17.51,17.6,17.68
2019-10-07T17:00:00,17.32,17.4,17.77,17.85
2019-10-07T19:00:00,17.47,17.65,17.71,17.8
2019-10-08T05:00:00,17.41,17.49,17.57,17.65
2019-10-08T07:00:00,17.38,17.46,17.73,17.81
2019-10-08T09:00:00,17.59,17.67,18.09,18.17
2019-10-08T11:00:00,18.01,18.09,18.28,18.36
2019-10-08T13:00:00,17.99,18.07,18.38,18.46
2019-10-08T15:00:00,18.12,18.2,18.55,18.63
2019-10-08T17:00:00,18.17,18.25,18.5,18.58
2019-10-08T19:00:00,18.24,18.35,18.9,19.04
2019-10-09T05:00:00,18.45,18.56,18.62,18.73
2019-10-09T07:00:00,18.09,18.17,18.7,18.78
2019-10-09T09:00:00,17.82,17.9,18.24,18.32
2019-10-09T11:00:00,17.88,17.96,18.13,18.21
2019-10-09T13:00:00,18.01,18.09,18.3,18.38
2019-10-09T15:00:00,17.96,18.04,18.23,18.31
2019-10-09T17:00:00,17.97,18.05,18.1,18.18
2019-10-09T19:00:00,17.8,17.88,18.09,18.17
2019-10-10T05:00:00,18.04,18.14,18.19,18.32
2019-10-10T07:00:00,17.99,18.07,18.48,18.56
2019-10-10T09:00:00,17.95,18.03,18.26,18.34
2019-10-10T11:00:00,17.96,18.04,18.24,18.32
2019-10-10T13:00:00,17.27,17.35,18.14,18.22
2019-10-10T15:00:00,17.19,17.27,17.58,17.66
2019-10-10T17:00:00,17.4,17.48,17.7,17.78
2019-10-10T19:00:00,17.36,17.5,17.53,17.61
2019-10-11T05:00:00,16.98,17.08,17.19,17.32
2019-10-11T07:00:00,16.88,16.96,17.17,17.25
2019-10-11T09:00:00,16.81,16.89,17.03,17.11
2019-10-11T11:00:00,16.78,16.86,16.98,17.06
2019-10-11T13:00:00,16.39,16.47,16.84,16.92
2019-10-11T15:00:00,16.34,16.42,16.81,16.89
2019-10-11T17:00:00,16.36,16.44,16.59,16.67
2019-10-11T19:00:00,16.1,16.29,16.47,16.64
2019-10-14T05:00:00,16.41,16.49,16.59,16.73
2019-10-14T07:00:00,16.32,16.4,16.52,16.6
2019-10-14T09:00:00,16.45,16.53,16.83,16.91
2019-10-14T11:00:00,16.53,16.61,16.68,16.76
2019-10-14T13:00:00,16.28,16.36,16.58,16.66
2019-10-14T15:00:00,16.13,16.21,16.43,16.51
2019-10-14T17:00:00,16.13,16.21,16.18,16.26
2019-10-14T19:00:00,16.08,16.16,16.23,16.31
2019-10-15T05:00:00,15.78,15.86,15.93,16.05
2019-10-15T07:00:00,15.64,15.72,15.93,16.01
2019-10-15T09:00:00,15.59,15.67,15.79,15.87
2019-10-15T11:00:00,15.69,15.77,15.83,15.91
2019-10-15T13:00:00,15.24,15.32,15.79,15.87
2019-10-15T15:00:00,15.29,15.37,15.58,15.66
2019-10-15T17:00:00,15.49,15.57,15.54,15.62
2019-10-15T19:00:00,15.49,15.57,15.58,15.66
2019-10-16T05:00:00,15.49,15.57,15.73,15.81
2019-10-16T07:00:00,15.49,15.57,15.88,15.96
2019-10-16T09:00:00,15.63,15.71,15.88,15.96
2019-10-16T11:00:00,15.63,15.71,15.78,15.86
2019-10-16T13:00:00,15.63,15.71,15.88,15.96
2019-10-16T15:00:00,15.68,15.76,15.78,15.86
2019-10-16T17:00:00,15.68,15.76,15.92,16.0
2019-10-16T19:00:00,15.64,15.79,15.8,15.97
2019-10-17T05:00:00,15.74,15.83,15.9,16.03
2019-10-17T07:00:00,15.58,15.66,15.82,15.9
2019-10-17T09:00:00,15.33,15.41,15.82,15.9
2019-10-17T11:00:00,15.54,15.62,15.77,15.85
2019-10-17T13:00:00,15.47,15.55,15.66,15.74
2019-10-17T15:00:00,15.57,15.65,15.84,15.92
2019-10-17T17:00:00,15.64,15.72,15.76,15.84
2019-10-17T19:00:00,15.64,15.74,15.83,15.91
2019-10-18T05:00:00,15.78,15.86,15.94,16.06
2019-10-18T07:00:00,15.61,15.69,16.0,16.08
2019-10-18T09:00:00,15.67,15.75,15.85,15.93
2019-10-18T11:00:00,15.61,15.69,15.75,15.83
2019-10-18T13:00:00,15.61,15.69,15.8,15.88
2019-10-18T15:00:00,15.55,15.63,16.04,16.12
2019-10-18T17:00:00,15.67,15.75,15.94,16.02
2019-10-18T19:00:00,15.63,15.71,15.77,15.98
2019-10-21T05:00:00,15.58,15.66,15.71,15.79
2019-10-21T07:00:00,15.44,15.52,15.75,15.83
2019-10-21T09:00:00,15.34,15.42,15.53,15.61
2019-10-21T11:00:00,15.23,15.31,15.41,15.49
2019-10-21T13:00:00,15.26,15.34,15.39,15.47
2019-10-21T15:00:00,15.25,15.33,15.44,15.52
2019-10-21T17:00:00,15.21,15.29,15.3,15.38
2019-10-21T19:00:00,15.16,15.33,15.3,15.41
2019-10-22T05:00:00,15.11,15.23,15.24,15.4
2019-10-22T07:00:00,15.16,15.24,15.36,15.44
2019-10-22T09:00:00,15.14,15.22,15.4,15.48
2019-10-22T11:00:00,15.36,15.44,15.45,15.53
2019-10-22T13:00:00,15.35,15.43,15.44,15.52
2019-10-22T15:00:00,15.3,15.38,15.39,15.47
2019-10-22T17:00:00,15.31,15.39,15.52,15.6
2019-10-22T19:00:00,15.43,15.51,15.59,15.67
2019-10-23T05:00:00,15.54,15.62,15.66,15.74
2019-10-23T07:00:00,15.39,15.47,15.64,15.72
2019-10-23T09:00:00,15.47,15.55,15.66,15.74
2019-10-23T11:00:00,15.5,15.58,15.62,15.7
2019-10-23T13:00:00,15.34,15.42,15.5,15.58
2019-10-23T15:00:00,15.12,15.2,15.34,15.42
2019-10-23T17:00:00,15.17,15.25,15.27,15.35
2019-10-23T19:00:00,15.2,15.28,15.35,15.43
2019-10-24T05:00:00,14.97,15.05,15.11,15.33
2019-10-24T07:00:00,14.88,14.96,15.16,15.24
2019-10-24T09:00:00,15.06,15.14,15.16,15.24
2019-10-24T11:00:00,15.06,15.14,15.14,15.22
2019-10-24T13:00:00,15.05,15.13,15.32,15.4
2019-10-24T15:00:00,15.0,15.08,15.26,15.34
2019-10-24T17:00:00,15.09,15.17,15.19,15.27
2019-10-24T19:00:00,15.03,15.11,15.11,15.19
2019-10-25T05:00:00,15.01,15.09,15.1,15.18
2019-10-25T07:00:00,14.99,15.07,15.13,15.21
2019-10-25T09:00:00,14.99,15.07,15.18,15.26
2019-10-25T11:00:00,15.04,15.12,15.14,15.22
2019-10-25T13:00:00,14.79,14.87,15.05,15.13
2019-10-25T15:00:00,14.66,14.74,14.81,14.89
2019-10-25T17:00:00,14.63,14.71,14.71,14.79
2019-10-25T19:00:00,14.55,14.63,14.64,14.72
2019-10-28T06:00:00,14.59,14.67,14.68,14.76
2019-10-28T08:00:00,14.53,14.61,14.79,14.87
2019-10-28T10:00:00,14.7,14.78,14.79,14.87
2019-10-28T12:00:00,14.68,14.76,14.76,14.84
2019-10-28T14:00:00,14.76,14.84,14.83,14.91
2019-10-28T16:00:00,14.78,14.86,14.89,14.97
2019-10-28T18:00:00,14.76,14.84,14.83,14.91
2019-10-28T20:00:00,14.75,14.9,14.87,15.01
2019-10-29T06:00:00,14.77,14.89,14.89,15.03
2019-10-29T08:00:00,14.84,14.92,15.13,15.21
2019-10-29T10:00:00,15.0,15.08,15.13,15.21
2019-10-29T12:00:00,15.0,15.08,15.13,15.21
2019-10-29T14:00:00,14.97,15.05,15.15,15.23
2019-10-29T16:00:00,15.02,15.1,15.15,15.23
2019-10-29T18:00:00,15.08,15.16,15.14,15.22
2019-10-29T20:00:00,15.03,15.19,15.16,15.33
2019-10-30T06:00:00,15.11,15.19,15.2,15.28
2019-10-30T08:00:00,15.06,15.14,15.25,15.33
2019-10-30T10:00:00,15.08,15.16,15.19,15.27
2019-10-30T12:00:00,15.01,15.09,15.19,15.27
2019-10-30T14:00:00,15.03,15.11,15.37,15.45
2019-10-30T16:00:00,14.98,15.12,15.14,15.27
2019-10-30T18:00:00,14.71,14.79,15.13,15.33
2019-10-30T20:00:00,14.6,14.7,14.75,14.86
2019-10-31T06:00:00,14.62,14.72,14.72,14.91
2019-10-31T08:00:00,14.64,14.72,15.38,15.46
2019-10-31T10:00:00,15.0,15.08,15.26,15.34
2019-10-31T12:00:00,14.93,15.01,15.03,15.11
2019-10-31T14:00:00,14.95,15.03,15.28,15.36
2019-10-31T16:00:00,14.98,15.06,15.14,15.22
2019-10-31T18:00:00,14.98,15.06,15.15,15.23
2019-10-31T20:00:00,14.8,14.96,14.97,15.07
2019-11-01T06:00:00,14.65,14.79,14.81,14.91
2019-11-01T08:00:00,14.68,14.76,14.83,14.91
2019-11-01T10:00:00,14.71,14.79,14.84,14.92
2019-11-01T12:00:00,14.47,14.55,14.84,14.95
2019-11-01T14:00:00,14.41,14.49,14.58,14.66
2019-11-01T16:00:00,14.34,14.42,14.52,14.6
2019-11-01T18:00:00,14.39,14.47,14.43,14.51
2019-11-01T20:00:00,14.3,14.45,14.48,14.67
2019-11-04T06:00:00,14.19,14.33,14.34,14.47
2019-11-04T08:00:00,14.13,14.21,14.35,14.43
2019-11-04T10:00:00,14.16,14.24,14.28,14.36
2019-11-04T12:00:00,14.19,14.27,14.26,14.34
2019-11-04T14:00:00,14.13,14.21,14.33,14.41
2019-11-04T16:00:00,14.26,14.34,14.38,14.46
2019-11-04T18:00:00,14.24,14.32,14.3,14.38
2019-11-04T20:00:00,14.21,14.35,14.31,14.46
2019-11-05T06:00:00,14.17,14.25,14.33,14.44
2019-11-05T08:00:00,14.19,14.27,14.33,14.41
2019-11-05T10:00:00,14.21,14.29,14.35,14.43
2019-11-05T12:00:00,14.25,14.33,14.35,14.43
2019-11-05T14:00:00,14.28,14.36,14.41,14.49
2019-11-05T16:00:00,14.22,14.3,14.49,14.57
2019-11-05T18:00:00,14.36,14.44,14.43,14.51
2019-11-05T20:00:00,14.36,14.49,14.48,14.61
2019-11-06T06:00:00,14.5,14.58,14.59,14.67
2019-11-06T08:00:00,14.29,14.37,14.59,14.67
2019-11-06T10:00:00,14.4,14.48,14.54,14.62
2019-11-06T12:00:00,14.36,14.44,14.46,14.54
2019-11-06T14:00:00,14.38,14.46,14.53,14.61
2019-11-06T16:00:00,14.38,14.46,14.64,14.72
2019-11-06T18:00:00,14.41,14.49,14.56,14.64
2019-11-06T20:00:00,14.42,14.5,14.5,14.58
2019-11-07T06:00:00,14.14,14.22,14.34,14.42
2019-11-07T08:00:00,14.12,14.2,14.3,14.38
2019-11-07T10:00:00,14.19,14.27,14.24,14.32
2019-11-07T12:00:00,14.21,14.29,14.31,14.39
2019-11-07T14:00:00,14.16,14.24,14.24,14.32
2019-11-07T16:00:00,14.16,14.24,14.32,14.4
2019-11-07T18:00:00,14.24,14.32,14.3,14.38
2019-11-07T20:00:00,14.25,14.37,14.35,14.5
2019-11-08T06:00:00,14.31,14.46,14.47,14.59
2019-11-08T08:00:00,14.35,14.43,14.48,14.56
2019-11-08T10:00:00,14.31,14.39,14.41,14.49
2019-11-08T12:00:00,14.37,14.45,14.51,14.59
2019-11-08T14:00:00,14.29,14.37,14.56,14.64
2019-11-08T16:00:00,14.2,14.28,14.38,14.46
2019-11-08T20:00:00,14.15,14.23,14.22,14.3
2019-11-11T06:00:00,14.44,14.52,14.56,14.64
2019-11-11T08:00:00,14.3,14.38,14.47,14.55
2019-11-11T10:00:00,14.36,14.44,14.55,14.63
2019-11-11T12:00:00,14.39,14.47,14.4,14.48
2019-11-11T14:00:00,14.23,14.31,14.4,14.48
2019-11-11T16:00:00,14.11,14.19,14.24,14.32
2019-11-11T18:00:00,14.08,14.16,14.17,14.25
2019-11-11T20:00:00,14.15,14.23,14.24,14.32
2019-11-12T06:00:00,13.94,14.1,14.16,14.24
2019-11-12T08:00:00,14.07,14.15,14.16,14.24
2019-11-12T10:00:00,13.98,14.06,14.11,14.19
2019-11-12T12:00:00,14.04,14.12,14.1,14.18
2019-11-12T14:00:00,13.9,13.98,14.04,14.12
2019-11-12T16:00:00,13.89,13.97,14.03,14.11
2019-11-12T18:00:00,13.97,14.05,14.06,14.14
2019-11-12T20:00:00,13.99,14.07,14.06,14.14
2019-11-13T06:00:00,14.1,14.18,14.15,14.23
2019-11-13T08:00:00,14.05,14.13,14.48,14.56
2019-11-13T10:00:00,14.27,14.35,14.43,14.51
2019-11-13T12:00:00,14.03,14.11,14.28,14.36
2019-11-13T14:00:00,13.97,14.05,14.19,14.27
2019-11-13T16:00:00,13.94,14.02,14.05,14.13
2019-11-13T18:00:00,13.97,14.08,14.12,14.23
2019-11-13T20:00:00,13.97,14.08,14.09,14.23
2019-11-14T06:00:00,13.94,14.12,14.15,14.23
2019-11-14T08:00:00,13.91,13.99,14.09,14.17
2019-11-14T10:00:00,13.85,13.93,13.95,14.03
2019-11-14T12:00:00,13.86,13.94,14.02,14.1
2019-11-14T14:00:00,13.81,13.89,14.07,14.15
2019-11-14T16:00:00,13.86,13.94,14.17,14.25
2019-11-14T18:00:00,13.85,13.93,14.04,14.12
2019-11-14T20:00:00,13.76,13.84,13.89,14.01
2019-11-15T06:00:00,13.61,13.69,13.75,13.83
2019-11-15T08:00:00,13.59,13.67,13.76,13.84
2019-11-15T10:00:00,13.59,13.67,13.7,13.78
2019-11-15T12:00:00,13.53,13.61,13.62,13.7
2019-11-15T14:00:00,13.42,13.5,13.58,13.66
2019-11-15T16:00:00,13.31,13.39,13.47,13.55
2019-11-15T18:00:00,13.37,13.45,13.51,13.59
2019-11-15T20:00:00,13.3,13.38,13.4,13.48
2019-11-18T06:00:00,13.16,13.24,13.36,13.53
2019-11-18T08:00:00,13.16,13.24,13.36,13.44
2019-11-18T10:00:00,13.17,13.25,13.27,13.35
2019-11-18T12:00:00,13.17,13.25,13.57,13.65
2019-11-18T14:00:00,13.47,13.55,13.67,13.75
2019-11-18T16:00:00,13.32,13.4,13.57,13.65
2019-11-18T18:00:00,13.19,13.36,13.33,13.44
2019-11-18T20:00:00,13.28,13.36,13.36,13.44
2019-11-19T06:00:00,13.17,13.28,13.3,13.42
2019-11-19T08:00:00,13.21,13.29,13.36,13.44
2019-11-19T10:00:00,13.11,13.19,13.26,13.34
2019-11-19T12:00:00,13.17,13.25,13.27,13.35
2019-11-19T14:00:00,13.22,13.3,13.53,13.61
2019-11-19T16:00:00,13.43,13.51,13.62,13.7
2019-11-19T18:00:00,13.53,13.61,13.58,13.66
2019-11-19T20:00:00,13.53,13.61,13.58,13.66
2019-11-20T06:00:00,13.66,13.74,13.76,13.84
2019-11-20T08:00:00,13.71,13.79,14.1,14.18
2019-11-20T10:00:00,13.94,14.02,14.11,14.19
2019-11-20T12:00:00,13.86,13.94,13.96,14.04
2019-11-20T14:00:00,13.72,13.8,13.94,14.02
2019-11-20T16:00:00,13.63,13.71,14.07,14.15
2019-11-20T18:00:00,13.88,13.96,14.23,14.31
2019-11-20T20:00:00,13.75,13.91,13.97,14.13
2019-11-21T06:00:00,13.89,14.06,14.13,14.22
2019-11-21T08:00:00,14.06,14.14,14.4,14.48
2019-11-21T10:00:00,13.91,13.99,14.06,14.14
2019-11-21T12:00:00,13.82,13.9,14.02,14.1
2019-11-21T14:00:00,13.87,13.95,14.27,14.35
2019-11-21T16:00:00,13.93,14.01,14.18,14.26
2019-11-21T18:00:00,13.94,14.02,14.08,14.16
2019-11-21T20:00:00,13.9,14.04,14.06,14.23
2019-11-22T06:00:00,13.92,14.0,13.99,14.07
2019-11-22T08:00:00,13.64,13.72,13.97,14.05
2019-11-22T10:00:00,13.75,13.83,13.9,13.98
2019-11-22T12:00:00,13.7,13.78,13.83,13.91
2019-11-22T14:00:00,13.67,13.75,13.81,13.89
2019-11-22T16:00:00,13.77,13.85,13.87,13.95
2019-11-22T18:00:00,13.69,13.84,13.77,13.94
2019-11-22T20:00:00,13.65,13.75,13.77,13.93
2019-11-25T06:00:00,13.63,13.71,13.72,13.8
2019-11-25T08:00:00,13.61,13.69,13.74,13.82
2019-11-25T10:00:00,13.61,13.69,13.66,13.74
2019-11-25T12:00:00,13.63,13.71,13.68,13.76
2019-11-25T14:00:00,13.55,13.63,13.66,13.74
2019-11-25T16:00:00,13.45,13.53,13.56,13.64
2019-11-25T18:00:00,13.42,13.5,13.49,13.57
2019-11-25T20:00:00,13.38,13.5,13.56,13.64
2019-11-26T06:00:00,13.49,13.57,13.55,13.63
2019-11-26T08:00:00,13.4,13.48,13.59,13.67
2019-11-26T10:00:00,13.46,13.54,13.57,13.65
2019-11-26T12:00:00,13.47,13.55,13.54,13.62
2019-11-26T14:00:00,13.44,13.52,13.53,13.61
2019-11-26T16:00:00,13.38,13.46,13.51,13.59
2019-11-26T18:00:00,13.37,13.45,13.48,13.56
2019-11-26T20:00:00,13.32,13.48,13.45,13.63
2019-11-27T06:00:00,13.38,13.46,13.43,13.51
2019-11-27T08:00:00,13.3,13.38,13.53,13.61
2019-11-27T10:00:00,13.35,13.43,13.46,13.54
2019-11-27T12:00:00,13.36,13.44,13.46,13.54
2019-11-27T14:00:00,13.27,13.35,13.4,13.48
2019-11-27T16:00:00,13.3,13.38,13.39,13.47
2019-11-27T18:00:00,13.33,13.41,13.35,13.43
2019-11-27T20:00:00,13.28,13.41,13.44,13.53
2019-11-28T06:00:00,13.55,13.63,13.59,13.67
2019-11-28T08:00:00,13.49,13.57,13.67,13.75
2019-11-28T10:00:00,13.6,13.68,13.65,13.73
2019-11-28T12:00:00,13.6,13.68,13.69,13.77
2019-11-28T14:00:00,13.61,13.69,13.69,13.77
2019-11-28T16:00:00,13.61,13.69,13.65,13.73
2019-11-28T18:00:00,13.54,13.69,13.66,13.79
2019-11-28T20:00:00,13.53,13.71,13.63,13.8
2019-11-29T06:00:00,13.73,13.81,13.84,13.92
2019-11-29T08:00:00,13.64,13.72,13.87,13.95
2019-11-29T10:00:00,13.66,13.74,13.74,13.82
2019-11-29T12:00:00,13.6,13.68,13.71,13.79
2019-11-29T14:00:00,13.66,13.74,13.79,13.87
2019-11-29T16:00:00,13.71,13.79,13.85,13.93
2019-11-29T18:00:00,13.81,13.89,13.83,13.91
2019-11-29T20:00:00,13.69,13.91,13.85,13.94
2019-12-02T06:00:00,13.74,13.83,13.85,14.0
2019-12-02T08:00:00,13.62,13.7,13.83,13.91
2019-12-02T10:00:00,13.62,13.7,13.9,13.98
2019-12-02T12:00:00,13.88,13.96,14.21,14.29
2019-12-02T14:00:00,14.08,14.16,14.83,14.91
2019-12-02T16:00:00,14.72,14.8,15.0,15.08
2019-12-02T18:00:00,14.7,14.78,14.86,14.94
2019-12-02T20:00:00,14.69,14.9,14.9,14.99
2019-12-03T06:00:00,14.76,14.84,14.9,14.98
2019-12-03T08:00:00,14.7,14.78,14.96,15.04
2019-12-03T10:00:00,14.83,14.91,15.21,15.29
2019-12-03T12:00:00,15.06,15.14,15.73,15.81
2019-12-03T14:00:00,15.66,15.74,16.08,16.16
2019-12-03T16:00:00,15.76,15.84,15.96,16.04
2019-12-03T18:00:00,15.59,15.67,15.82,15.9
2019-12-03T20:00:00,15.45,15.6,15.9,15.99
2019-12-04T06:00:00,15.58,15.72,15.87,15.95
2019-12-04T08:00:00,15.18,15.26,15.92,16.0
2019-12-04T10:00:00,15.19,15.27,15.34,15.42
2019-12-04T12:00:00,15.21,15.29,15.43,15.51
2019-12-04T14:00:00,14.92,15.0,15.42,15.5
2019-12-04T16:00:00,14.74,14.82,15.01,15.09
2019-12-04T18:00:00,14.71,14.86,14.89,15.02
2019-12-04T20:00:00,14.71,14.86,14.95,15.08
2019-12-05T06:00:00,14.77,14.93,14.94,15.13
2019-12-05T08:00:00,14.8,14.88,15.0,15.08
2019-12-05T10:00:00,14.71,14.79,14.87,14.95
2019-12-05T12:00:00,14.76,14.84,14.93,15.01
2019-12-05T14:00:00,14.81,14.89,15.18,15.26
2019-12-05T16:00:00,15.02,15.1,15.16,15.24
2019-12-05T18:00:00,14.93,15.01,15.16,15.3
2019-12-05T20:00:00,14.84,14.96,15.06,15.14
2019-12-06T06:00:00,14.75,14.89,14.88,15.02
2019-12-06T08:00:00,14.81,14.89,14.98,15.06
2019-12-06T10:00:00,14.84,14.92,14.98,15.06
2019-12-06T12:00:00,14.55,14.63,14.93,15.15
2019-12-06T14:00:00,14.44,14.52,14.6,14.68
2019-12-06T16:00:00,14.38,14.46,14.55,14.63
2019-12-06T18:00:00,14.44,14.52,14.5,14.58
2019-12-06T20:00:00,14.42,14.5,14.48,14.56
2019-12-09T06:00:00,14.67,14.75,14.77,14.85
2019-12-09T08:00:00,14.67,14.75,14.79,14.87
2019-12-09T10:00:00,14.66,14.74,14.78,14.86
2019-12-09T12:00:00,14.74,14.82,14.79,14.87
2019-12-09T14:00:00,14.66,14.74,14.86,14.94
2019-12-09T16:00:00,14.86,14.94,15.0,15.08
2019-12-09T18:00:00,14.95,15.03,15.11,15.19
2019-12-09T20:00:00,14.92,15.06,15.27,15.35
2019-12-10T06:00:00,15.18,15.26,15.29,15.37
2019-12-10T08:00:00,15.18,15.26,15.71,15.79
2019-12-10T10:00:00,15.43,15.51,15.78,15.86
2019-12-10T12:00:00,15.05,15.13,15.68,15.76
2019-12-10T14:00:00,15.08,15.16,15.51,15.59
2019-12-10T16:00:00,15.07,15.15,15.3,15.38
2019-12-10T18:00:00,15.14,15.22,15.25,15.33
2019-12-10T20:00:00,15.1,15.28,15.31,15.42
2019-12-11T06:00:00,15.15,15.32,15.33,15.41
2019-12-11T08:00:00,15.07,15.15,15.34,15.42
2019-12-11T10:00:00,15.12,15.2,15.25,15.33
2019-12-11T12:00:00,15.07,15.15,15.13,15.21
2019-12-11T14:00:00,15.06,15.14,15.27,15.35
2019-12-11T16:00:00,14.96,15.04,15.21,15.29
2019-12-11T18:00:00,15.05,15.13,15.25,15.33
2019-12-11T20:00:00,14.95,15.08,15.11,15.2
2019-12-12T06:00:00,14.85,14.93,14.95,15.03
2019-12-12T08:00:00,14.81,14.89,14.99,15.07
2019-12-12T10:00:00,14.81,14.89,14.92,15.0
2019-12-12T12:00:00,14.91,14.99,15.13,15.21
2019-12-12T14:00:00,14.37,14.45,15.08,15.16
2019-12-12T16:00:00,14.4,14.48,14.71,14.79
2019-12-12T18:00:00,14.27,14.35,14.52,14.6
2019-12-12T20:00:00,14.15,14.28,14.39,14.47
2019-12-13T06:00:00,13.85,13.93,14.01,14.09
2019-12-13T08:00:00,13.79,13.87,14.0,14.08
2019-12-13T10:00:00,13.85,13.93,14.05,14.13
2019-12-13T12:00:00,14.05,14.13,14.37,14.45
2019-12-13T14:00:00,13.77,13.85,14.51,14.59
2019-12-13T16:00:00,13.89,13.97,14.39,14.47
2019-12-13T18:00:00,13.86,13.94,13.94,14.02
2019-12-13T20:00:00,13.69,13.77,13.84,13.96
2019-12-16T06:00:00,13.6,13.7,13.74,13.85
2019-12-16T08:00:00,13.55,13.63,13.74,13.82
2019-12-16T10:00:00,13.36,13.44,13.65,13.73
2019-12-16T12:00:00,13.41,13.49,13.51,13.59
2019-12-16T14:00:00,13.31,13.39,13.46,13.54
2019-12-16T16:00:00,13.17,13.25,13.36,13.44
2019-12-16T18:00:00,13.22,13.3,13.28,13.36
2019-12-16T20:00:00,13.28,13.36,13.38,13.46
2019-12-17T06:00:00,13.21,13.35,13.39,13.48
2019-12-17T08:00:00,13.29,13.37,13.5,13.58
2019-12-17T10:00:00,13.4,13.48,13.6,13.68
2019-12-17T12:00:00,13.4,13.48,13.45,13.53
2019-12-17T14:00:00,13.35,13.43,13.75,13.83
2019-12-17T16:00:00,13.56,13.64,13.71,13.79
2019-12-17T18:00:00,13.66,13.74,13.68,13.76
2019-12-17T20:00:00,13.57,13.69,13.71,13.87
2019-12-18T06:00:00,13.77,13.85,13.94,14.02
2019-12-18T08:00:00,13.62,13.7,13.82,13.9
2019-12-18T10:00:00,13.62,13.7,13.77,13.85
2019-12-18T12:00:00,13.68,13.76,13.77,13.85
2019-12-18T14:00:00,13.58,13.66,13.83,13.91
2019-12-18T16:00:00,13.68,13.76,13.78,13.86
2019-12-18T18:00:00,13.66,13.74,13.69,13.77
2019-12-18T20:00:00,13.69,13.77,13.74,13.82
2019-12-19T06:00:00,13.64,13.78,13.8,13.92
2019-12-19T08:00:00,13.61,13.69,13.8,13.88
2019-12-19T10:00:00,13.61,13.69,13.76,13.84
2019-12-19T12:00:00,13.71,13.79,13.91,13.99
2019-12-19T14:00:00,13.67,13.75,13.91,13.99
2019-12-19T16:00:00,13.52,13.6,13.69,13.77
2019-12-19T18:00:00,13.53,13.61,13.63,13.71
2019-12-19T20:00:00,13.49,13.57,13.54,13.62
2019-12-20T06:00:00,13.59,13.67,13.73,13.81
2019-12-20T08:00:00,13.59,13.67,13.69,13.77
2019-12-20T10:00:00,13.45,13.53,13.64,13.72
2019-12-20T12:00:00,13.4,13.48,13.52,13.6
2019-12-20T14:00:00,13.35,13.43,13.59,13.67
2019-12-20T16:00:00,13.31,13.39,13.53,13.61
2019-12-20T18:00:00,13.37,13.45,13.42,13.5
2019-12-20T20:00:00,13.36,13.49,13.52,13.66
2019-12-23T06:00:00,13.46,13.61,13.61,13.73
2019-12-23T08:00:00,13.5,13.58,13.69,13.77
2019-12-23T10:00:00,13.59,13.67,13.64,13.72
2019-12-23T12:00:00,13.51,13.59,13.59,13.67
2019-12-23T14:00:00,13.56,13.64,13.64,13.72
2019-12-23T16:00:00,13.48,13.56,13.7,13.78
2019-12-23T18:00:00,13.53,13.61,13.54,13.62
2019-12-23T20:00:00,13.53,13.62,13.62,13.78
2019-12-27T06:00:00,13.58,13.66,13.63,13.71
2019-12-27T08:00:00,13.55,13.63,13.79,13.87
2019-12-27T10:00:00,13.5,13.58,13.66,13.74
2019-12-27T12:00:00,13.51,13.59,13.66,13.74
2019-12-27T14:00:00,13.63,13.71,13.99,14.07
2019-12-27T16:00:00,13.87,13.95,14.0,14.08
2019-12-27T18:00:00,13.87,13.95,13.96,14.04
2019-12-27T20:00:00,13.91,13.99,14.07,14.23
2019-12-30T06:00:00,13.97,14.13,14.12,14.23
2019-12-30T08:00:00,14.09,14.17,14.24,14.32
2019-12-30T10:00:00,14.1,14.18,14.23,14.31
2019-12-30T12:00:00,14.1,14.18,14.15,14.23
2020-01-02T06:00:00,13.99,14.07,14.17,14.25
2020-01-02T08:00:00,13.85,13.93,14.15,14.23
2020-01-02T10:00:00,13.88,13.96,14.05,14.13
2020-01-02T12:00:00,13.89,13.97,13.98,14.06
2020-01-02T14:00:00,13.88,13.96,14.03,14.11
2020-01-02T16:00:00,13.86,13.94,14.01,14.09
2020-01-02T18:00:00,13.81,13.89,13.89,13.97
2020-01-02T20:00:00,13.7,13.85,13.84,13.95
2020-01-03T06:00:00,14.41,14.59,14.76,14.84
2020-01-03T08:00:00,14.63,14.71,14.93,15.01
2020-01-03T10:00:00,14.68,14.76,14.96,15.04
2020-01-03T12:00:00,14.64,14.72,14.96,15.04
2020-01-03T14:00:00,14.39,14.47,14.79,14.87
2020-01-03T16:00:00,14.29,14.37,14.57,14.65
2020-01-03T18:00:00,14.33,14.42,14.59,14.67
2020-01-03T20:00:00,14.32,14.52,14.55,14.77
2020-01-06T06:00:00,14.81,14.89,15.01,15.09
2020-01-06T08:00:00,14.91,14.99,15.41,15.49
2020-01-06T10:00:00,15.1,15.18,15.28,15.36
2020-01-06T12:00:00,14.98,15.06,15.14,15.22
2020-01-06T14:00:00,14.74,14.82,15.15,15.23
2020-01-06T16:00:00,14.73,14.81,14.89,14.97
2020-01-06T18:00:00,14.68,14.76,14.81,14.89
2020-01-06T20:00:00,14.63,14.76,14.76,14.94
2020-01-07T06:00:00,14.55,14.63,14.79,14.87
2020-01-07T08:00:00,14.45,14.53,14.7,14.78
2020-01-07T10:00:00,14.46,14.54,14.67,14.75
2020-01-07T12:00:00,14.58,14.66,14.72,14.8
2020-01-07T14:00:00,14.5,14.58,14.84,14.92
2020-01-07T16:00:00,14.4,14.48,14.51,14.59
2020-01-07T18:00:00,14.44,14.52,14.54,14.62
2020-01-07T20:00:00,14.4,14.52,14.51,14.72
2020-01-08T06:00:00,14.81,14.93,15.01,15.09
2020-01-08T08:00:00,14.58,14.66,14.94,15.02
2020-01-08T10:00:00,14.27,14.35,14.63,14.71
2020-01-08T12:00:00,14.16,14.24,14.41,14.49
2020-01-08T14:00:00,14.14,14.22,14.38,14.46
2020-01-08T16:00:00,13.9,13.98,14.35,14.43
2020-01-08T18:00:00,13.95,14.03,14.0,14.08
2020-01-08T20:00:00,13.87,14.0,14.31,14.39
2020-01-09T06:00:00,13.84,13.92,13.96,14.04
2020-01-09T08:00:00,13.77,13.85,13.89,13.97
2020-01-09T10:00:00,13.82,13.9,13.92,14.0
2020-01-09T12:00:00,13.86,13.94,13.98,14.06
2020-01-09T14:00:00,13.71,13.79,13.91,13.99
2020-01-09T16:00:00,13.71,13.79,13.93,14.01
2020-01-09T18:00:00,13.79,13.87,13.88,13.96
2020-01-09T20:00:00,13.62,13.75,13.8,13.88
2020-01-10T06:00:00,13.47,13.63,13.61,13.72
2020-01-10T08:00:00,13.59,13.67,13.76,13.84
2020-01-10T10:00:00,13.61,13.69,13.73,13.81
2020-01-10T12:00:00,13.63,13.71,13.75,13.83
2020-01-10T14:00:00,13.57,13.65,13.8,13.88
2020-01-10T16:00:00,13.54,13.62,13.79,13.87
2020-01-10T18:00:00,13.52,13.67,13.73,13.81
2020-01-10T20:00:00,13.53,13.78,13.87,14.01
2020-01-13T06:00:00,13.57,13.79,13.79,13.88
2020-01-13T08:00:00,13.66,13.74,13.82,13.9
2020-01-13T10:00:00,13.62,13.7,13.84,13.92
2020-01-13T12:00:00,13.62,13.7,13.81,13.89
2020-01-13T14:00:00,13.68,13.76,13.87,13.95
2020-01-13T16:00:00,13.66,13.74,13.8,13.88
2020-01-13T18:00:00,13.61,13.69,13.7,13.78
2020-01-14T06:00:00,13.49,13.62,13.68,13.76
2020-01-14T08:00:00,13.65,13.73,14.11,14.19
2020-01-14T10:00:00,13.67,13.75,13.92,14.0
2020-01-14T12:00:00,13.71,13.79,13.84,13.92
2020-01-14T14:00:00,13.61,13.69,13.78,13.86
2020-01-14T16:00:00,13.53,13.61,13.68,13.76
2020-01-14T18:00:00,13.52,13.61,13.78,13.86
2020-01-14T20:00:00,13.55,13.66,13.67,13.86
2020-01-15T06:00:00,13.54,13.69,13.72,13.8
2020-01-15T08:00:00,13.56,13.64,13.83,13.91
2020-01-15T10:00:00,13.52,13.6,13.63,13.71
2020-01-15T12:00:00,13.57,13.65,13.73,13.81
2020-01-15T14:00:00,13.46,13.54,13.69,13.77
2020-01-15T16:00:00,13.45,13.53,13.6,13.68
2020-01-15T18:00:00,13.55,13.63,13.61,13.69
2020-01-15T20:00:00,13.58,13.66,13.67,13.75
2020-01-16T06:00:00,13.46,13.54,13.54,13.62
2020-01-16T08:00:00,13.26,13.34,13.47,13.55
2020-01-16T10:00:00,13.41,13.49,13.52,13.6
2020-01-16T12:00:00,13.31,13.39,13.42,13.5
2020-01-16T14:00:00,13.22,13.3,13.32,13.4
2020-01-16T16:00:00,13.17,13.25,13.28,13.36
2020-01-16T18:00:00,13.2,13.28,13.23,13.31
2020-01-16T20:00:00,13.17,13.25,13.21,13.29
2020-01-17T06:00:00,13.15,13.23,13.21,13.29
2020-01-17T08:00:00,13.04,13.12,13.2,13.28
2020-01-17T10:00:00,12.99,13.07,13.15,13.23
2020-01-17T12:00:00,13.08,13.16,13.19,13.27
2020-01-17T14:00:00,13.11,13.19,13.24,13.32
2020-01-17T16:00:00,13.14,13.22,13.29,13.37
2020-01-17T18:00:00,13.16,13.24,13.21,13.29
2020-01-17T20:00:00,13.11,13.19,13.21,13.29
2020-01-20T06:00:00,13.25,13.33,13.3,13.38
2020-01-20T08:00:00,13.25,13.33,13.4,13.48
2020-01-20T10:00:00,13.26,13.34,13.31,13.39
2020-01-20T12:00:00,13.26,13.34,13.31,13.39
2020-01-20T14:00:00,13.27,13.35,13.37,13.45
2020-01-20T16:00:00,13.22,13.3,13.32,13.4
2020-01-20T18:00:00,13.18,13.26,13.23,13.31
2020-01-20T20:00:00,13.18,13.26,13.23,13.31
2020-01-21T06:00:00,13.46,13.57,13.59,13.71
2020-01-21T08:00:00,13.59,13.67,13.74,13.82
2020-01-21T10:00:00,13.45,13.53,13.69,13.77
2020-01-21T12:00:00,13.35,13.43,13.45,13.53
2020-01-21T14:00:00,13.2,13.28,13.45,13.53
2020-01-21T16:00:00,13.15,13.23,13.3,13.38
2020-01-21T18:00:00,13.2,13.28,13.43,13.51
2020-01-21T20:00:00,13.27,13.41,13.43,13.57
2020-01-22T06:00:00,13.12,13.2,13.22,13.3
2020-01-22T08:00:00,13.07,13.15,13.32,13.4
2020-01-22T10:00:00,13.17,13.25,13.27,13.35
2020-01-22T12:00:00,13.17,13.25,13.27,13.35
2020-01-22T14:00:00,13.27,13.35,13.47,13.55
2020-01-22T16:00:00,13.42,13.5,13.57,13.65
2020-01-22T18:00:00,13.37,13.45,13.47,13.55
2020-01-22T20:00:00,13.43,13.51,13.57,13.69
2020-01-23T06:00:00,13.63,13.71,13.8,13.88
2020-01-23T08:00:00,13.54,13.62,13.74,13.82
2020-01-23T10:00:00,13.54,13.62,13.59,13.67
2020-01-23T12:00:00,13.59,13.67,13.88,13.96
2020-01-23T14:00:00,13.68,13.76,14.07,14.15
2020-01-23T16:00:00,13.73,13.81,14.07,14.15
2020-01-23T18:00:00,13.63,13.71,13.83,13.91
2020-01-23T20:00:00,13.59,13.67,13.68,13.76
2020-01-24T06:00:00,13.49,13.57,13.59,13.67
2020-01-24T08:00:00,13.21,13.29,13.55,13.63
2020-01-24T10:00:00,13.22,13.3,13.36,13.44
2020-01-24T12:00:00,13.22,13.3,13.31,13.39
2020-01-24T14:00:00,13.32,13.4,13.74,13.82
2020-01-24T16:00:00,13.51,13.59,14.18,14.26
2020-01-24T18:00:00,13.85,13.93,14.44,14.52
2020-01-24T20:00:00,14.05,14.13,14.33,14.41
2020-01-27T06:00:00,14.84,14.97,15.04,15.12
2020-01-27T08:00:00,14.49,14.57,15.09,15.17
2020-01-27T10:00:00,14.89,14.97,15.29,15.37
2020-01-27T12:00:00,14.9,14.98,15.39,15.47
2020-01-27T14:00:00,15.05,15.13,15.58,15.66
2020-01-27T16:00:00,15.24,15.32,15.6,15.68
2020-01-27T18:00:00,15.2,15.28,15.44,15.6
2020-01-27T20:00:00,15.27,15.39,15.66,15.74
2020-01-28T06:00:00,15.02,15.1,15.21,15.34
2020-01-28T08:00:00,15.06,15.14,15.48,15.56
2020-01-28T10:00:00,15.23,15.31,15.54,15.62
2020-01-28T12:00:00,14.99,15.07,15.28,15.36
2020-01-28T14:00:00,14.54,14.62,15.24,15.32
2020-01-28T16:00:00,14.6,14.68,14.81,14.89
2020-01-28T18:00:00,14.68,14.76,14.9,14.98
2020-01-28T20:00:00,14.56,14.71,14.78,14.91
2020-01-29T06:00:00,14.65,14.73,14.72,14.8
2020-01-29T08:00:00,14.46,14.54,14.79,14.87
2020-01-29T10:00:00,14.48,14.56,14.68,14.76
2020-01-29T12:00:00,14.46,14.54,14.55,14.63
2020-01-29T14:00:00,14.42,14.5,14.87,14.95
2020-01-29T16:00:00,14.38,14.46,14.55,14.63
2020-01-29T18:00:00,14.28,14.36,14.46,14.61
2020-01-29T20:00:00,14.31,14.47,14.62,14.8
2020-01-30T06:00:00,15.02,15.1,15.24,15.32
2020-01-30T08:00:00,14.97,15.05,15.39,15.47
2020-01-30T10:00:00,15.09,15.17,15.42,15.5
2020-01-30T12:00:00,15.18,15.26,15.45,15.53
2020-01-30T14:00:00,15.06,15.14,15.67,15.75
2020-01-30T16:00:00,15.12,15.2,15.67,15.75
2020-01-30T18:00:00,15.07,15.15,15.54,15.62
2020-01-30T20:00:00,14.74,14.82,15.18,15.27
2020-01-31T06:00:00,14.71,14.79,14.86,14.94
2020-01-31T08:00:00,14.74,14.82,15.07,15.15
2020-01-31T10:00:00,14.99,15.07,15.42,15.5
2020-01-31T12:00:00,15.01,15.09,15.19,15.27
2020-01-31T14:00:00,15.07,15.15,15.72,15.8
2020-01-31T16:00:00,15.52,15.6,15.98,16.06
2020-01-31T18:00:00,15.78,15.86,16.13,16.21
2020-01-31T20:00:00,16.06,16.14,16.67,16.75
2020-02-03T06:00:00,15.44,15.52,15.67,15.84
2020-02-03T08:00:00,15.41,15.49,15.74,15.82
2020-02-03T10:00:00,15.54,15.62,15.79,15.87
2020-02-03T12:00:00,15.46,15.54,15.76,15.84
2020-02-03T14:00:00,15.06,15.14,15.56,15.64
2020-02-03T16:00:00,15.26,15.34,15.69,15.77
2020-02-03T18:00:00,15.41,15.52,15.62,15.7
2020-02-03T20:00:00,15.32,15.4,15.56,15.68
2020-02-04T06:00:00,14.93,15.01,15.08,15.16
2020-02-04T08:00:00,14.69,14.77,15.01,15.09
2020-02-04T10:00:00,14.71,14.79,14.84,14.92
2020-02-04T12:00:00,14.66,14.74,14.81,14.89
2020-02-04T14:00:00,14.64,14.72,14.81,14.89
2020-02-04T16:00:00,14.46,14.54,14.76,14.84
2020-02-04T18:00:00,14.45,14.53,14.59,14.67
2020-02-04T20:00:00,14.4,14.48,14.56,14.7
2020-02-05T06:00:00,14.64,14.72,14.75,14.83
2020-02-05T08:00:00,14.03,14.11,14.75,14.83
2020-02-05T10:00:00,13.98,14.06,14.25,14.33
2020-02-05T12:00:00,14.01,14.09,14.25,14.33
2020-02-05T14:00:00,13.96,14.04,14.4,14.48
2020-02-05T16:00:00,13.97,14.05,14.24,14.32
2020-02-05T18:00:00,13.89,13.97,14.04,14.12
2020-02-05T20:00:00,13.86,13.94,14.01,14.09
2020-02-06T06:00:00,13.69,13.77,13.76,13.84
2020-02-06T08:00:00,13.66,13.74,13.84,13.92
2020-02-06T10:00:00,13.73,13.81,13.83,13.91
2020-02-06T12:00:00,13.71,13.79,13.81,13.89
2020-02-06T14:00:00,13.76,13.84,14.02,14.1
2020-02-06T16:00:00,13.67,13.75,13.84,13.92
2020-02-06T18:00:00,13.69,13.77,13.8,13.88
2020-02-06T20:00:00,13.68,13.76,13.77,13.85
2020-02-07T06:00:00,13.76,13.84,13.91,13.99
2020-02-07T08:00:00,13.71,13.79,14.03,14.11
2020-02-07T10:00:00,13.96,14.04,14.19,14.27
2020-02-07T12:00:00,13.95,14.03,14.22,14.3
2020-02-07T14:00:00,14.04,14.12,14.49,14.57
2020-02-07T16:00:00,13.87,13.95,14.16,14.24
2020-02-07T18:00:00,14.07,14.15,14.51,14.59
2020-02-07T20:00:00,14.08,14.17,14.33,14.44
2020-02-10T06:00:00,14.12,14.2,14.19,14.27
2020-02-10T08:00:00,14.09,14.17,14.3,14.38
2020-02-10T10:00:00,14.03,14.11,14.2,14.28
2020-02-10T12:00:00,14.11,14.19,14.23,14.31
2020-02-10T14:00:00,14.02,14.1,14.34,14.42
2020-02-10T16:00:00,13.93,14.01,14.11,14.19
2020-02-10T18:00:00,13.95,14.03,14.05,14.13
2020-02-10T20:00:00,13.93,14.01,14.03,14.11
2020-02-11T06:00:00,13.75,13.83,13.85,13.93
2020-02-11T08:00:00,13.72,13.8,13.9,13.98
2020-02-11T10:00:00,13.72,13.8,13.78,13.86
2020-02-11T12:00:00,13.67,13.75,13.73,13.81
2020-02-11T14:00:00,13.56,13.64,13.72,13.8
2020-02-11T16:00:00,13.6,13.68,13.71,13.79
2020-02-11T18:00:00,13.63,13.71,13.73,13.81
2020-02-11T20:00:00,13.71,13.79,13.85,13.93
2020-02-12T06:00:00,13.65,13.73,13.75,13.83
2020-02-12T08:00:00,13.58,13.66,13.73,13.81
2020-02-12T10:00:00,13.67,13.75,13.76,13.84
2020-02-12T12:00:00,13.65,13.73,13.75,13.83
2020-02-12T14:00:00,13.64,13.72,13.79,13.87
2020-02-12T16:00:00,13.53,13.61,13.74,13.82
2020-02-12T18:00:00,13.43,13.51,13.6,13.68
2020-02-12T20:00:00,13.35,13.43,13.49,13.57
2020-02-13T06:00:00,13.72,13.8,13.79,13.87
2020-02-13T08:00:00,13.71,13.79,14.14,14.22
2020-02-13T10:00:00,14.06,14.14,14.35,14.43
2020-02-13T12:00:00,13.94,14.02,14.24,14.32
2020-02-13T14:00:00,13.76,13.84,14.11,14.19
2020-02-13T16:00:00,13.7,13.78,13.84,13.92
2020-02-13T18:00:00,13.74,13.82,13.84,13.92
2020-02-13T20:00:00,13.75,13.83,13.9,14.12
2020-02-14T06:00:00,13.69,13.78,13.82,13.99
2020-02-14T08:00:00,13.64,13.72,13.81,13.89
2020-02-14T10:00:00,13.65,13.73,13.72,13.8
2020-02-14T12:00:00,13.66,13.74,13.81,13.89
2020-02-14T14:00:00,13.67,13.75,13.84,13.92
2020-02-14T16:00:00,13.63,13.71,13.89,13.97
2020-02-14T18:00:00,13.67,13.78,13.93,14.01
2020-02-14T20:00:00,13.63,13.77,13.79,14.03
2020-02-17T06:00:00,13.52,13.6,13.58,13.66
2020-02-17T08:00:00,13.43,13.51,13.53,13.61
2020-02-17T12:00:00,13.43,13.51,13.48,13.56
2020-02-17T14:00:00,13.43,13.51,13.48,13.56
2020-02-17T16:00:00,13.38,13.46,13.48,13.56
2020-02-17T18:00:00,13.35,13.51,13.48,13.65
2020-02-17T20:00:00,13.35,13.51,13.46,13.62
2020-02-18T06:00:00,13.71,13.88,13.95,14.03
2020-02-18T08:00:00,13.8,13.88,14.05,14.13
2020-02-18T10:00:00,13.95,14.03,14.05,14.13
2020-02-18T12:00:00,13.86,13.94,14.05,14.13
2020-02-18T14:00:00,13.81,13.89,13.96,14.04
2020-02-18T16:00:00,13.78,13.89,14.06,14.14
2020-02-18T18:00:00,13.7,13.89,13.86,14.1
2020-02-18T20:00:00,13.73,13.89,13.87,14.08
2020-02-19T06:00:00,13.62,13.76,13.73,13.9
2020-02-19T08:00:00,13.55,13.69,13.74,13.85
2020-02-19T10:00:00,13.51,13.67,13.69,13.8
2020-02-19T12:00:00,13.64,13.72,13.74,13.82
2020-02-19T14:00:00,13.65,13.73,13.79,13.87
2020-02-19T16:00:00,13.64,13.72,13.75,13.83
2020-02-19T18:00:00,13.65,13.73,13.7,13.78
2020-02-19T20:00:00,13.67,13.75,13.7,13.78
2020-02-20T06:00:00,13.66,13.74,13.76,13.84
2020-02-20T08:00:00,13.67,13.75,13.89,13.97
2020-02-20T10:00:00,13.82,13.9,13.97,14.05
2020-02-20T12:00:00,13.91,13.99,14.01,14.09
2020-02-20T14:00:00,13.82,13.9,13.97,14.05
2020-02-20T16:00:00,13.87,13.95,14.75,14.83
2020-02-20T18:00:00,14.27,14.35,14.58,14.66
2020-02-20T20:00:00,14.17,14.25,14.56,14.64
2020-02-21T06:00:00,14.78,14.86,14.93,15.01
2020-02-21T08:00:00,14.62,14.7,15.1,15.18
2020-02-21T10:00:00,14.66,14.74,14.9,14.98
2020-02-21T12:00:00,14.61,14.69,14.88,14.96
2020-02-21T14:00:00,14.71,14.79,15.43,15.51
2020-02-21T16:00:00,15.12,15.2,15.34,15.42
2020-02-21T18:00:00,15.18,15.26,15.56,15.64
2020-02-21T20:00:00,15.26,15.34,15.66,15.74
2020-02-24T06:00:00,16.49,16.57,17.06,17.14
2020-02-24T08:00:00,16.95,17.03,17.57,17.65
2020-02-24T10:00:00,17.06,17.14,17.45,17.53
2020-02-24T12:00:00,17.02,17.1,17.64,17.72
2020-02-24T14:00:00,17.19,17.27,17.82,17.9
2020-02-24T16:00:00,17.36,17.44,18.15,18.23
2020-02-24T18:00:00,17.78,17.86,18.41,18.49
2020-02-24T20:00:00,17.7,17.78,18.41,18.49
2020-02-25T06:00:00,17.17,17.25,17.46,17.54
2020-02-25T08:00:00,17.13,17.21,17.81,17.89
2020-02-25T10:00:00,17.72,17.8,18.2,18.28
2020-02-25T12:00:00,17.64,17.72,18.06,18.14
2020-02-25T14:00:00,17.68,17.76,18.96,19.04
2020-02-25T16:00:00,18.6,18.68,19.49,19.57
2020-02-25T18:00:00,19.23,19.31,20.64,20.72
2020-02-25T20:00:00,19.75,19.83,20.62,20.7
2020-02-26T06:00:00,19.54,19.62,19.92,20.0
2020-02-26T08:00:00,19.32,19.4,20.97,21.05
2020-02-26T10:00:00,19.78,19.86,20.46,20.54
2020-02-26T12:00:00,19.56,19.64,20.23,20.31
2020-02-26T14:00:00,18.78,18.86,19.84,19.92
2020-02-26T16:00:00,18.8,18.88,19.78,19.86
2020-02-26T18:00:00,19.43,19.51,20.17,20.25
2020-02-26T20:00:00,19.56,19.64,20.18,20.26
2020-02-27T06:00:00,19.79,19.87,20.39,20.47
2020-02-27T08:00:00,19.77,19.85,20.5,20.58
2020-02-27T10:00:00,20.0,20.08,20.67,20.75
2020-02-27T12:00:00,20.5,20.58,21.54,21.62
2020-02-27T14:00:00,21.46,21.54,22.77,22.85
2020-02-27T16:00:00,21.06,21.14,22.26,22.34
2020-02-27T18:00:00,21.22,21.3,22.24,22.32
2020-02-27T20:00:00,21.92,22.0,22.91,22.99
2020-02-28T06:00:00,24.09,24.17,24.89,24.97
2020-02-28T08:00:00,24.14,24.22,25.97,26.05
2020-02-28T10:00:00,23.89,23.97,25.58,25.66
2020-02-28T12:00:00,24.33,24.41,25.17,25.25
2020-02-28T14:00:00,24.41,24.49,25.82,25.9
2020-02-28T16:00:00,23.6,23.68,25.83,25.91
2020-02-28T18:00:00,24.08,24.16,25.24,25.32
2020-02-28T20:00:00,23.66,23.74,25.4,25.48
2020-03-02T06:00:00,21.62,21.7,23.17,23.25
2020-03-02T08:00:00,21.71,21.79,23.27,23.35
2020-03-02T10:00:00,22.9,22.98,24.73,24.81
2020-03-02T12:00:00,23.48,23.56,24.66,24.74
2020-03-02T14:00:00,23.05,23.13,24.36,24.44
2020-03-02T16:00:00,22.71,22.79,23.81,23.89
2020-03-02T18:00:00,22.73,22.81,24.05,24.13
2020-03-02T20:00:00,22.63,22.71,23.93,24.01
2020-03-03T06:00:00,22.86,22.94,23.38,23.46
2020-03-03T08:00:00,22.06,22.14,23.36,23.44
2020-03-03T10:00:00,22.06,22.14,22.94,23.02
2020-03-03T12:00:00,22.43,22.51,23.2,23.28
2020-03-03T14:00:00,21.67,21.75,23.16,23.24
2020-03-03T16:00:00,22.34,22.42,24.13,24.21
2020-03-03T18:00:00,23.44,23.52,25.31,25.39
2020-03-03T20:00:00,24.17,24.25,25.08,25.16
2020-03-04T06:00:00,23.41,23.49,23.81,23.89
2020-03-04T08:00:00,22.94,23.02,23.95,24.03
2020-03-04T10:00:00,22.81,22.89,23.16,23.24
2020-03-04T12:00:00,22.75,22.83,23.37,23.45
2020-03-04T14:00:00,23.08,23.16,24.0,24.08
2020-03-04T16:00:00,22.82,22.9,23.64,23.72
2020-03-04T18:00:00,22.66,22.74,23.31,23.39
2020-03-04T20:00:00,22.88,22.96,23.25,23.33
2020-03-05T06:00:00,23.59,23.67,24.09,24.17
2020-03-05T08:00:00,23.58,23.66,24.43,24.51
2020-03-05T10:00:00,24.19,24.27,25.15,25.23
2020-03-05T12:00:00,24.78,24.86,25.52,25.6
2020-03-05T14:00:00,24.93,25.01,25.7,25.78
2020-03-05T16:00:00,24.76,24.84,26.57,26.65
2020-03-05T18:00:00,26.24,26.32,27.19,27.27
2020-03-05T20:00:00,26.65,26.73,27.6,27.68
2020-03-06T06:00:00,27.64,27.72,28.23,28.31
2020-03-06T08:00:00,27.22,27.3,29.24,29.32
2020-03-06T10:00:00,29.12,29.2,30.47,30.55
2020-03-06T12:00:00,30.19,30.27,32.43,32.51
2020-03-06T14:00:00,30.71,30.79,33.06,33.14
2020-03-06T16:00:00,31.23,31.31,32.06,32.14
2020-03-06T18:00:00,31.28,31.36,32.2,32.28
2020-03-06T20:00:00,29.82,29.9,32.47,32.55
2020-03-09T06:00:00,36.93,37.23,41.18,41.41
2020-03-09T08:00:00,36.31,36.44,41.66,41.81
2020-03-09T10:00:00,37.65,37.74,40.17,40.27
2020-03-09T12:00:00,37.59,37.72,41.66,41.81
2020-03-09T14:00:00,35.94,36.02,39.47,39.64
2020-03-09T16:00:00,35.44,35.52,37.62,37.78
2020-03-09T18:00:00,35.92,36.22,38.44,38.65
2020-03-09T20:00:00,36.14,36.39,37.4,37.7
2020-03-10T06:00:00,32.52,32.6,33.62,33.74
2020-03-10T08:00:00,31.47,31.55,33.89,34.06
2020-03-10T10:00:00,31.2,31.28,32.53,32.61
2020-03-10T12:00:00,32.09,32.21,34.8,34.88
2020-03-10T14:00:00,33.69,33.77,37.05,37.13
2020-03-10T16:00:00,35.27,35.35,36.72,36.85
2020-03-10T18:00:00,34.43,34.56,36.78,36.94
2020-03-10T20:00:00,34.34,34.5,34.99,35.14
2020-03-11T06:00:00,36.08,36.25,37.28,37.45
2020-03-11T08:00:00,35.31,35.39,36.69,36.77
2020-03-11T10:00:00,36.03,36.11,37.17,37.27
2020-03-11T12:00:00,36.37,36.53,37.61,37.69
2020-03-11T14:00:00,36.46,36.59,37.76,37.85
2020-03-11T16:00:00,36.35,36.43,37.86,37.97
2020-03-11T18:00:00,37.38,37.68,39.0,39.12
2020-03-11T20:00:00,37.59,37.7,38.28,38.58
2020-03-12T06:00:00,41.31,41.48,42.76,42.91
2020-03-12T08:00:00,41.23,41.45,43.58,43.74
2020-03-12T10:00:00,42.39,42.49,43.56,43.73
2020-03-12T12:00:00,43.1,43.28,48.92,49.22
2020-03-12T14:00:00,44.52,44.81,47.72,47.91
2020-03-12T16:00:00,42.94,43.23,47.7,47.86
2020-03-12T18:00:00,45.62,45.85,47.45,47.67
2020-03-12T20:00:00,45.72,46.02,47.68,47.84
2020-03-13T06:00:00,44.79,45.09,48.02,48.23
2020-03-13T08:00:00,44.64,44.81,46.94,47.11
2020-03-13T10:00:00,42.97,43.11,45.79,45.93
2020-03-13T12:00:00,41.11,41.41,45.73,46.03
2020-03-13T14:00:00,44.23,44.44,49.7,49.94
2020-03-13T16:00:00,46.05,46.2,49.58,49.69
2020-03-13T18:00:00,42.98,43.16,46.55,46.85
2020-03-13T20:00:00,42.54,42.81,44.53,44.83
2020-03-16T06:00:00,50.75,51.05,53.09,53.39
2020-03-16T08:00:00,49.71,49.97,55.69,55.99
2020-03-16T10:00:00,54.27,54.54,56.21,56.47
2020-03-16T12:00:00,54.81,55.11,58.66,58.94
2020-03-16T14:00:00,52.94,53.19,56.68,56.82
2020-03-16T16:00:00,53.71,53.9,55.63,55.93
2020-03-16T18:00:00,55.21,55.51,61.59,61.89
2020-03-16T20:00:00,57.1,57.4,60.76,61.06
2020-03-17T06:00:00,50.65,50.95,53.11,53.41
2020-03-17T08:00:00,50.84,51.14,58.39,58.66
2020-03-17T10:00:00,55.64,55.89,58.2,58.44
2020-03-17T12:00:00,56.09,56.38,59.82,60.09
2020-03-17T14:00:00,54.0,54.22,60.33,60.56
2020-03-17T16:00:00,53.0,53.19,56.71,57.01
2020-03-17T18:00:00,53.64,53.79,57.39,57.69
2020-03-17T20:00:00,55.67,55.97,57.21,57.51
2020-03-18T06:00:00,59.79,60.03,63.96,64.26
2020-03-18T08:00:00,58.63,58.88,62.18,62.32
2020-03-18T10:00:00,60.73,60.94,63.35,63.6
2020-03-18T12:00:00,60.4,60.55,63.93,64.13
2020-03-18T14:00:00,59.18,59.35,62.84,63.08
2020-03-18T16:00:00,61.88,62.02,72.23,72.53
2020-03-18T18:00:00,63.21,63.51,72.25,72.55
2020-03-18T20:00:00,63.07,63.32,65.36,65.66
2020-03-19T06:00:00,66.29,66.59,70.51,70.69
2020-03-19T08:00:00,64.08,64.3,68.46,68.76
2020-03-19T10:00:00,64.31,64.57,68.34,68.49
2020-03-19T12:00:00,65.7,65.97,68.35,68.54
2020-03-19T14:00:00,60.6,60.85,67.13,67.32
2020-03-19T16:00:00,58.4,58.65,62.39,62.58
2020-03-19T18:00:00,50.43,50.68,58.83,59.13
2020-03-19T20:00:00,54.37,54.59,60.12,60.42
2020-03-20T06:00:00,51.78,51.95,53.83,54.13
2020-03-20T08:00:00,48.62,48.76,52.11,52.41
2020-03-20T10:00:00,48.55,48.74,52.91,53.05
2020-03-20T12:00:00,51.37,51.52,54.92,55.17
2020-03-20T14:00:00,47.57,47.71,53.73,53.91
2020-03-20T16:00:00,48.87,49.06,52.34,52.46
2020-03-20T18:00:00,49.97,50.11,54.5,54.8
2020-03-20T20:00:00,53.04,53.34,53.57,53.87
2020-03-23T06:00:00,54.97,55.27,56.49,56.79
2020-03-23T08:00:00,53.12,53.29,56.29,56.49
2020-03-23T10:00:00,52.62,52.85,53.92,54.22
2020-03-23T12:00:00,45.47,45.69,53.61,53.86
2020-03-23T14:00:00,45.85,45.96,48.63,48.85
2020-03-23T16:00:00,44.73,44.98,48.02,48.17
2020-03-23T18:00:00,41.68,41.98,47.5,47.8
2020-03-23T20:00:00,40.54,40.84,43.58,43.88
2020-03-24T06:00:00,37.61,37.91,39.51,39.81
2020-03-24T08:00:00,37.58,37.76,40.93,41.07
2020-03-24T10:00:00,35.54,35.79,37.61,37.87
2020-03-24T12:00:00,34.44,34.59,37.55,37.71
2020-03-24T14:00:00,34.64,34.78,37.2,37.34
2020-03-24T16:00:00,35.7,35.83,37.79,38.04
2020-03-24T18:00:00,35.02,35.29,38.54,38.73
2020-03-24T20:00:00,36.41,36.71,38.3,38.52
2020-03-25T06:00:00,34.91,35.14,36.04,36.34
2020-03-25T08:00:00,35.09,35.31,38.19,38.37
2020-03-25T10:00:00,37.46,37.67,42.4,42.64
2020-03-25T12:00:00,39.13,39.33,41.47,41.58
2020-03-25T14:00:00,40.14,40.28,42.44,42.62
2020-03-25T16:00:00,40.42,40.57,42.94,43.08
2020-03-25T18:00:00,39.1,39.36,42.25,42.5
2020-03-25T20:00:00,40.54,40.84,41.65,41.95
2020-03-26T06:00:00,43.56,43.76,45.51,45.81
2020-03-26T08:00:00,43.46,43.58,45.16,45.46
2020-03-26T10:00:00,42.29,42.42,43.75,43.92
2020-03-26T12:00:00,39.54,39.69,44.65,44.8
2020-03-26T14:00:00,38.78,38.96,40.26,40.43
2020-03-26T16:00:00,37.96,38.07,39.66,39.78
2020-03-26T18:00:00,38.26,38.56,39.25,39.51
2020-03-26T20:00:00,37.44,37.7,38.6,38.85
2020-03-27T06:00:00,39.45,39.75,40.92,41.03
2020-03-27T08:00:00,40.15,40.29,41.57,41.71
2020-03-27T10:00:00,40.78,40.93,42.25,42.43
2020-03-27T12:00:00,41.5,41.65,42.99,43.11
2020-03-27T14:00:00,41.98,42.17,43.68,43.84
2020-03-27T16:00:00,42.7,42.86,44.52,44.64
2020-03-27T18:00:00,42.27,42.5,43.95,44.25
2020-03-27T20:00:00,43.61,43.91,45.22,45.52
2020-03-30T05:00:00,41.35,41.65,42.92,43.22
2020-03-30T07:00:00,41.64,41.89,44.61,44.78
2020-03-30T09:00:00,42.1,42.28,43.3,43.5
2020-03-30T11:00:00,42.08,42.23,43.52,43.66
2020-03-30T13:00:00,41.84,42.02,43.19,43.29
2020-03-30T15:00:00,40.81,41.01,42.4,42.48
2020-03-30T17:00:00,40.88,41.18,41.41,41.71
2020-03-30T19:00:00,40.47,40.77,41.32,41.62
2020-03-31T05:00:00,40.03,40.3,41.05,41.35
2020-03-31T07:00:00,39.07,39.27,40.2,40.48
2020-03-31T09:00:00,39.61,39.79,41.32,41.48
2020-03-31T11:00:00,40.35,40.6,41.95,42.11
2020-03-31T13:00:00,38.97,39.1,41.25,41.4
2020-03-31T15:00:00,39.35,39.47,40.91,41.09
2020-03-31T17:00:00,39.49,39.65,41.09,41.39
2020-03-31T19:00:00,39.46,39.61,40.58,40.88
2020-04-01T05:00:00,41.76,42.02,42.65,42.82
2020-04-01T07:00:00,41.76,41.94,43.28,43.47
2020-04-01T09:00:00,41.83,42.01,42.66,42.84
2020-04-01T11:00:00,42.35,42.46,43.28,43.4
2020-04-01T13:00:00,40.65,40.74,42.97,43.06
2020-04-01T15:00:00,40.44,40.52,43.13,43.32
2020-04-01T17:00:00,42.33,42.61,43.12,43.3
2020-04-01T19:00:00,42.78,43.08,43.78,43.97
2020-04-02T05:00:00,40.87,41.17,41.51,41.72
2020-04-02T07:00:00,40.74,40.99,41.88,42.06
2020-04-02T09:00:00,40.96,41.13,41.52,41.68
2020-04-02T11:00:00,40.96,41.14,42.51,42.59
2020-04-02T13:00:00,41.1,41.22,43.11,43.22
2020-04-02T15:00:00,41.15,41.29,42.45,42.57
2020-04-02T17:00:00,41.18,41.32,42.0,42.25
2020-04-02T19:00:00,41.05,41.19,41.57,41.82
2020-04-03T05:00:00,41.18,41.41,41.66,41.85
2020-04-03T07:00:00,40.73,40.98,41.6,41.78
2020-04-03T09:00:00,40.94,41.07,41.46,41.63
2020-04-03T11:00:00,40.42,40.57,41.25,41.38
2020-04-03T13:00:00,40.3,40.41,41.22,41.37
2020-04-03T15:00:00,40.74,40.82,41.82,42.02
2020-04-03T17:00:00,40.29,40.59,41.32,41.46
2020-04-03T19:00:00,39.55,39.85,40.67,40.97
2020-04-06T05:00:00,35.42,35.69,37.22,37.39
2020-04-06T07:00:00,36.24,36.39,37.31,37.44
2020-04-06T09:00:00,36.06,36.23,36.76,36.9
2020-04-06T11:00:00,36.49,36.62,37.19,37.33
2020-04-06T13:00:00,36.09,36.17,37.14,37.31
2020-04-06T15:00:00,37.0,37.08,38.23,38.31
2020-04-06T17:00:00,37.04,37.2,37.48,37.67
2020-04-06T19:00:00,36.77,37.07,37.57,37.8
2020-04-07T05:00:00,35.97,36.15,37.06,37.36
2020-04-07T07:00:00,35.54,35.7,36.82,36.99
2020-04-07T09:00:00,35.62,35.79,36.45,36.59
2020-04-07T11:00:00,35.87,36.0,36.55,36.69
2020-04-07T13:00:00,35.89,35.97,38.64,38.78
2020-04-07T15:00:00,37.0,37.16,38.7,38.79
2020-04-07T17:00:00,37.17,37.47,38.46,38.76
2020-04-07T19:00:00,37.71,37.96,38.5,38.8
2020-04-08T05:00:00,38.37,38.66,38.92,39.21
2020-04-08T07:00:00,38.03,38.21,39.58,39.78
2020-04-08T09:00:00,38.56,38.72,39.35,39.53
2020-04-08T11:00:00,38.19,38.3,38.82,38.96
2020-04-08T13:00:00,37.73,37.86,38.97,39.14
2020-04-08T15:00:00,37.35,37.56,38.05,38.13
2020-04-08T17:00:00,37.44,37.7,37.95,38.22
2020-04-08T19:00:00,37.52,37.81,38.14,38.23
2020-04-09T05:00:00,37.11,37.3,37.93,38.23
2020-04-09T07:00:00,36.64,36.79,38.07,38.18
2020-04-09T09:00:00,37.88,37.99,38.73,38.89
2020-04-09T11:00:00,37.57,37.72,39.16,39.3
2020-04-09T13:00:00,37.39,37.53,38.24,38.4
2020-04-09T15:00:00,37.64,37.72,38.49,38.57
2020-04-09T17:00:00,37.51,37.69,38.16,38.33
2020-04-09T19:00:00,37.0,37.3,38.02,38.32
2020-04-14T05:00:00,34.28,34.44,34.94,35.19
2020-04-14T07:00:00,34.45,34.69,34.98,35.17
2020-04-14T09:00:00,34.81,35.11,34.81,35.11
2020-04-14T11:00:00,34.48,34.73,35.48,35.6
2020-04-14T13:00:00,33.91,34.0,35.53,35.61
2020-04-14T15:00:00,33.91,34.05,35.14,35.22
2020-04-14T17:00:00,34.01,34.15,34.27,34.41
2020-04-14T19:00:00,34.13,34.22,34.31,34.5
2020-04-15T05:00:00,34.09,34.23,34.65,34.87
2020-04-15T07:00:00,34.28,34.42,35.73,35.87
2020-04-15T09:00:00,35.57,35.68,36.3,36.38
2020-04-15T11:00:00,35.72,35.87,37.12,37.26
2020-04-15T13:00:00,36.21,36.35,37.03,37.12
2020-04-15T15:00:00,36.09,36.28,36.95,37.04
2020-04-15T17:00:00,35.87,35.98,36.7,36.94
2020-04-15T19:00:00,35.84,36.08,36.45,36.62
2020-04-16T05:00:00,35.67,35.86,36.25,36.55
2020-04-16T07:00:00,35.32,35.51,36.15,36.27
2020-04-16T09:00:00,35.71,35.9,36.36,36.55
2020-04-16T11:00:00,35.74,35.85,36.56,36.67
2020-04-16T13:00:00,35.7,35.79,36.75,36.87
2020-04-16T15:00:00,35.88,36.07,36.74,36.99
2020-04-16T17:00:00,36.11,36.38,36.56,36.86
2020-04-16T19:00:00,35.91,36.21,36.54,36.62
2020-04-17T05:00:00,34.38,34.68,34.95,35.16
2020-04-17T07:00:00,34.37,34.45,35.08,35.22
2020-04-17T09:00:00,34.05,34.16,34.63,34.76
2020-04-17T11:00:00,34.19,34.27,34.82,34.9
2020-04-17T13:00:00,34.78,34.9,35.78,35.9
2020-04-17T15:00:00,35.36,35.49,36.12,36.2
2020-04-17T17:00:00,35.24,35.42,35.6,35.83
2020-04-17T19:00:00,34.64,34.76,35.33,35.5
2020-04-20T05:00:00,35.11,35.2,35.43,35.59
2020-04-20T07:00:00,35.11,35.25,35.96,36.14
2020-04-20T09:00:00,35.44,35.63,36.47,36.58
2020-04-20T11:00:00,36.4,36.48,37.45,37.6
2020-04-20T13:00:00,35.81,35.89,37.0,37.1
2020-04-20T15:00:00,35.47,35.58,36.31,36.39
2020-04-20T17:00:00,35.7,36.0,37.27,37.44
2020-04-20T19:00:00,36.87,37.14,37.72,37.86
2020-04-21T05:00:00,37.56,37.81,38.25,38.39
2020-04-21T07:00:00,37.5,37.65,38.72,38.84
2020-04-21T09:00:00,38.12,38.24,39.58,39.66
2020-04-21T11:00:00,39.23,39.31,41.03,41.14
2020-04-21T13:00:00,40.01,40.11,41.25,41.36
2020-04-21T15:00:00,41.11,41.19,42.27,42.46
2020-04-21T17:00:00,40.84,41.07,41.71,41.96
2020-04-21T19:00:00,40.18,40.48,41.53,41.68
2020-04-22T05:00:00,39.58,39.73,40.59,40.89
2020-04-22T07:00:00,39.64,39.72,40.56,40.64
2020-04-22T09:00:00,39.54,39.62,40.19,40.28
2020-04-22T11:00:00,39.58,39.66,40.25,40.33
2020-04-22T13:00:00,39.17,39.25,39.97,40.11
2020-04-22T15:00:00,38.63,38.75,39.54,39.62
2020-04-22T17:00:00,38.67,38.78,39.0,39.11
2020-04-22T19:00:00,38.59,38.77,38.93,39.12
2020-04-23T05:00:00,38.42,38.57,39.01,39.16
2020-04-23T07:00:00,38.63,38.74,39.59,39.7
2020-04-23T09:00:00,38.43,38.58,39.09,39.17
2020-04-23T11:00:00,37.83,37.97,38.89,38.97
2020-04-23T13:00:00,37.21,37.29,38.33,38.41
2020-04-23T15:00:00,37.41,37.49,39.14,39.29
2020-04-23T17:00:00,38.07,38.2,39.28,39.51
2020-04-23T19:00:00,38.45,38.75,38.85,39.15
2020-04-24T05:00:00,39.23,39.36,40.29,40.59
2020-04-24T07:00:00,38.83,38.98,39.56,39.71
2020-04-24T09:00:00,37.79,37.89,39.07,39.15
2020-04-24T11:00:00,37.7,37.87,38.25,38.33
2020-04-24T13:00:00,37.7,37.78,38.32,38.4
2020-04-24T15:00:00,37.64,37.79,38.33,38.41
2020-04-24T17:00:00,36.85,37.07,37.87,37.95
2020-04-24T19:00:00,36.63,36.78,37.04,37.24
2020-04-27T05:00:00,35.6,35.83,36.1,36.29
2020-04-27T07:00:00,35.45,35.56,36.17,36.32
2020-04-27T09:00:00,35.17,35.25,35.66,35.74
2020-04-27T11:00:00,34.84,34.92,35.28,35.36
2020-04-27T13:00:00,33.5,33.58,35.38,35.46
2020-04-27T15:00:00,33.24,33.32,33.76,33.84
2020-04-27T17:00:00,33.15,33.3,33.78,33.87
2020-04-27T19:00:00,33.21,33.42,33.54,33.72
2020-04-28T05:00:00,33.32,33.5,33.77,33.96
2020-04-28T07:00:00,32.59,32.67,33.71,33.82
2020-04-28T09:00:00,31.88,31.96,32.86,32.94
2020-04-28T11:00:00,32.01,32.09,32.28,32.36
2020-04-28T13:00:00,31.91,31.99,33.32,33.4
2020-04-28T15:00:00,32.39,32.49,33.33,33.41
2020-04-28T17:00:00,32.04,32.2,32.75,32.97
2020-04-28T19:00:00,32.42,32.72,32.88,33.18
2020-04-29T05:00:00,31.93,32.23,32.64,32.81
2020-04-29T07:00:00,31.98,32.08,32.59,32.67
2020-04-29T09:00:00,32.09,32.17,32.42,32.5
2020-04-29T11:00:00,31.13,31.21,32.44,32.52
2020-04-29T13:00:00,30.76,30.84,31.38,31.46
2020-04-29T15:00:00,30.8,30.88,31.14,31.22
2020-04-29T17:00:00,30.72,30.86,31.12,31.36
2020-04-29T19:00:00,30.86,31.16,31.24,31.54
2020-04-30T05:00:00,30.72,30.99,31.14,31.41
2020-04-30T07:00:00,30.72,30.85,31.65,31.83
2020-04-30T09:00:00,31.16,31.24,31.73,31.81
2020-04-30T11:00:00,31.52,31.61,32.19,32.28
2020-04-30T13:00:00,32.02,32.1,33.05,33.13
2020-04-30T15:00:00,32.54,32.62,33.33,33.45
2020-04-30T17:00:00,32.55,32.76,33.08,33.24
2020-04-30T19:00:00,32.16,32.36,32.89,33.14
2020-05-04T05:00:00,35.04,35.23,35.89,36.15
2020-05-04T07:00:00,35.17,35.28,36.21,36.29
2020-05-04T09:00:00,35.52,35.6,36.44,36.52
2020-05-04T11:00:00,35.54,35.63,36.05,36.13
2020-05-04T13:00:00,35.28,35.36,36.28,36.36
2020-05-04T15:00:00,35.0,35.16,35.76,35.84
2020-05-04T17:00:00,34.91,35.21,35.64,35.84
2020-05-04T19:00:00,34.41,34.71,35.03,35.33
2020-05-05T05:00:00,33.85,34.08,34.11,34.34
2020-05-05T07:00:00,33.63,33.71,35.3,35.38
2020-05-05T09:00:00,34.3,34.38,35.24,35.32
2020-05-05T11:00:00,34.19,34.27,34.81,34.89
2020-05-05T13:00:00,33.63,33.71,34.35,34.43
2020-05-05T15:00:00,33.4,33.48,33.81,33.95
2020-05-05T17:00:00,33.37,33.55,33.87,34.02
2020-05-05T19:00:00,33.26,33.46,34.02,34.23
2020-05-06T05:00:00,33.53,33.78,33.99,34.22
2020-05-06T07:00:00,33.22,33.3,33.93,34.1
2020-05-06T09:00:00,33.15,33.23,33.39,33.48
2020-05-06T11:00:00,33.19,33.27,33.62,33.7
2020-05-06T13:00:00,33.12,33.2,34.23,34.31
2020-05-06T15:00:00,33.27,33.39,34.1,34.18
2020-05-06T17:00:00,33.35,33.5,33.86,34.0
2020-05-06T19:00:00,33.43,33.62,34.05,34.22
2020-05-07T05:00:00,33.28,33.49,33.65,33.79
2020-05-07T07:00:00,32.95,33.03,33.59,33.67
2020-05-07T09:00:00,32.85,32.93,33.12,33.2
2020-05-07T11:00:00,32.64,32.72,33.08,33.16
2020-05-07T13:00:00,32.4,32.48,33.01,33.09
2020-05-07T15:00:00,32.21,32.29,32.82,32.9
2020-05-07T17:00:00,32.24,32.42,32.57,32.79
2020-05-07T19:00:00,32.49,32.73,32.73,32.99
2020-05-08T05:00:00,31.46,31.65,32.0,32.17
2020-05-08T07:00:00,31.61,31.69,31.97,32.05
2020-05-08T09:00:00,31.37,31.45,31.84,31.92
2020-05-08T11:00:00,31.1,31.24,31.6,31.68
2020-05-08T13:00:00,30.88,30.96,31.53,31.61
2020-05-08T15:00:00,30.17,30.25,30.97,31.05
2020-05-08T17:00:00,30.24,30.38,30.73,30.83
2020-05-08T19:00:00,29.87,30.11,30.36,30.58
2020-05-11T05:00:00,29.24,29.42,29.94,30.2
2020-05-11T07:00:00,29.19,29.27,29.75,29.83
2020-05-11T09:00:00,29.52,29.6,30.21,30.29
2020-05-11T11:00:00,30.0,30.08,31.28,31.36
2020-05-11T13:00:00,29.91,29.99,31.14,31.22
2020-05-11T15:00:00,28.77,28.88,30.11,30.19
2020-05-11T17:00:00,28.51,28.67,29.04,29.2
2020-05-11T19:00:00,28.36,28.51,28.58,28.79
2020-05-12T05:00:00,29.17,29.32,29.94,30.03
2020-05-12T07:00:00,28.71,28.79,29.67,29.84
2020-05-12T09:00:00,28.45,28.53,28.96,29.04
2020-05-12T11:00:00,27.72,27.8,28.61,28.69
2020-05-12T13:00:00,27.56,27.64,28.37,28.45
2020-05-12T15:00:00,27.56,27.64,28.13,28.21
2020-05-12T17:00:00,28.08,28.16,28.99,29.19
2020-05-12T19:00:00,28.73,28.93,30.42,30.58
2020-05-13T05:00:00,30.12,30.32,30.88,31.1
2020-05-13T07:00:00,30.24,30.32,31.4,31.48
2020-05-13T09:00:00,29.53,29.61,30.67,30.75
2020-05-13T11:00:00,29.88,29.96,30.3,30.38
2020-05-13T13:00:00,30.18,30.26,31.65,31.73
2020-05-13T15:00:00,31.16,31.24,33.4,33.51
2020-05-13T17:00:00,32.71,32.85,33.66,33.96
2020-05-13T19:00:00,33.07,33.25,34.42,34.64
2020-05-14T05:00:00,33.7,33.93,34.54,34.84
2020-05-14T07:00:00,33.18,33.26,34.5,34.58
2020-05-14T09:00:00,33.81,33.89,34.5,34.58
2020-05-14T11:00:00,34.15,34.23,35.98,36.06
2020-05-14T13:00:00,34.66,34.74,36.45,36.53
2020-05-14T15:00:00,33.75,33.86,34.94,35.09
2020-05-14T17:00:00,33.15,33.29,34.31,34.54
2020-05-14T19:00:00,32.22,32.47,33.76,34.06
2020-05-15T05:00:00,32.08,32.24,32.78,32.99
2020-05-15T07:00:00,32.01,32.09,32.61,32.76
2020-05-15T09:00:00,31.74,31.85,32.95,33.03
2020-05-15T11:00:00,32.85,32.93,33.72,33.8
2020-05-15T13:00:00,32.23,32.37,33.71,33.79
2020-05-15T15:00:00,32.34,32.48,33.37,33.45
2020-05-15T17:00:00,32.03,32.21,32.74,32.91
2020-05-15T19:00:00,31.73,31.89,32.36,32.66
2020-05-18T05:00:00,30.8,31.07,31.4,31.65
2020-05-18T07:00:00,30.33,30.42,31.12,31.28
2020-05-18T09:00:00,30.48,30.62,30.9,30.99
2020-05-18T11:00:00,29.29,29.37,30.67,30.75
2020-05-18T13:00:00,29.09,29.17,29.64,29.72
2020-05-18T15:00:00,28.94,29.02,29.34,29.42
2020-05-18T17:00:00,28.77,28.97,29.14,29.3
2020-05-18T19:00:00,28.8,29.02,29.04,29.27
2020-05-19T05:00:00,27.97,28.14,28.9,29.2
2020-05-19T07:00:00,28.17,28.36,29.65,29.81
2020-05-19T09:00:00,29.19,29.3,30.02,30.1
2020-05-19T11:00:00,29.01,29.13,29.67,29.81
2020-05-19T13:00:00,29.19,29.27,29.96,30.04
2020-05-19T15:00:00,28.89,29.03,29.27,29.41
2020-05-19T17:00:00,28.66,28.9,29.57,29.87
2020-05-19T19:00:00,29.25,29.55,31.14,31.44
2020-05-20T05:00:00,29.93,30.09,30.91,30.99
2020-05-20T07:00:00,29.01,29.09,30.16,30.33
2020-05-20T09:00:00,28.65,28.73,29.36,29.44
2020-05-20T11:00:00,28.78,28.86,29.27,29.35
2020-05-20T13:00:00,28.45,28.53,28.97,29.05
2020-05-20T15:00:00,28.55,28.63,29.3,29.38
2020-05-20T17:00:00,28.76,28.87,29.44,29.63
2020-05-20T19:00:00,28.44,28.74,29.04,29.26
2020-05-21T05:00:00,28.94,29.16,29.39,29.49
2020-05-21T07:00:00,28.96,29.07,29.61,29.77
2020-05-21T09:00:00,28.83,28.91,29.28,29.36
2020-05-21T11:00:00,28.53,28.61,29.19,29.27
2020-05-21T13:00:00,28.46,28.54,29.38,29.46
2020-05-21T15:00:00,29.16,29.28,29.97,30.11
2020-05-21T17:00:00,29.13,29.36,29.7,29.97
2020-05-21T19:00:00,29.3,29.6,29.65,29.92
2020-05-22T05:00:00,30.23,30.42,30.77,30.91
2020-05-22T07:00:00,30.43,30.51,31.22,31.36
2020-05-22T09:00:00,30.19,30.27,30.67,30.75
2020-05-22T11:00:00,29.59,29.67,30.39,30.47
2020-05-22T13:00:00,29.52,29.6,30.24,30.32
2020-05-22T15:00:00,29.54,29.73,30.18,30.27
2020-05-22T17:00:00,29.31,29.56,29.83,29.94
2020-05-22T19:00:00,29.36,29.56,29.76,29.98
2020-05-25T05:00:00,28.83,28.91,29.22,29.39
2020-05-25T07:00:00,28.79,28.87,29.77,29.85
2020-05-25T09:00:00,28.83,28.91,29.18,29.26
2020-05-25T11:00:00,28.59,28.67,28.9,28.98
2020-05-25T13:00:00,28.59,28.67,28.91,28.99
2020-05-25T15:00:00,28.22,28.3,28.78,28.86
2020-05-25T17:00:00,28.18,28.3,28.29,28.43
2020-05-25T19:00:00,28.18,28.43,28.28,28.58
2020-05-26T05:00:00,27.62,27.76,27.9,28.05
2020-05-26T07:00:00,27.68,27.82,28.26,28.34
2020-05-26T09:00:00,27.78,27.86,28.42,28.5
2020-05-26T11:00:00,28.21,28.29,28.55,28.63
2020-05-26T13:00:00,28.07,28.15,28.44,28.52
2020-05-26T15:00:00,27.96,28.04,28.36,28.44
2020-05-26T17:00:00,27.89,27.97,28.21,28.32
2020-05-26T19:00:00,28.03,28.19,28.98,29.12
2020-05-27T05:00:00,27.91,28.09,28.45,28.53
2020-05-27T07:00:00,27.78,27.86,28.5,28.58
2020-05-27T09:00:00,27.5,27.58,27.99,28.07
2020-05-27T11:00:00,27.53,27.61,28.04,28.12
2020-05-27T13:00:00,27.74,27.82,29.93,30.01
2020-05-27T15:00:00,28.82,28.91,29.85,29.93
2020-05-27T17:00:00,28.64,28.77,29.19,29.35
2020-05-27T19:00:00,28.47,28.59,28.92,29.09
2020-05-28T05:00:00,28.33,28.54,28.83,28.98
2020-05-28T07:00:00,28.19,28.27,29.03,29.11
2020-05-28T09:00:00,28.29,28.37,28.88,28.96
2020-05-28T11:00:00,28.35,28.43,28.63,28.71
2020-05-28T13:00:00,28.3,28.38,28.8,28.88
2020-05-28T15:00:00,28.51,28.59,28.9,28.98
2020-05-28T17:00:00,28.35,28.5,28.81,28.96
2020-05-28T19:00:00,28.53,28.77,29.7,29.91
2020-05-29T05:00:00,29.0,29.18,29.65,29.85
2020-05-29T07:00:00,29.33,29.41,29.91,29.99
2020-05-29T09:00:00,29.24,29.32,29.84,29.92
2020-05-29T11:00:00,29.18,29.26,29.65,29.73
2020-05-29T13:00:00,29.28,29.36,30.02,30.1
2020-05-29T15:00:00,29.48,29.57,30.22,30.3
2020-05-29T17:00:00,29.25,29.54,30.28,30.42
2020-05-29T19:00:00,28.89,29.03,29.4,29.69
2020-06-02T05:00:00,28.59,28.73,28.86,29.05
2020-06-02T07:00:00,28.03,28.11,28.8,28.88
2020-06-02T09:00:00,27.93,28.01,28.43,28.51
2020-06-02T11:00:00,28.11,28.19,28.53,28.61
2020-06-02T13:00:00,28.01,28.09,28.44,28.52
2020-06-02T15:00:00,28.27,28.35,28.63,28.71
2020-06-02T17:00:00,28.06,28.21,28.3,28.45
2020-06-02T19:00:00,27.75,27.99,28.27,28.46
2020-06-03T05:00:00,27.56,27.71,27.79,27.96
2020-06-03T07:00:00,27.57,27.65,27.9,27.98
2020-06-03T09:00:00,27.47,27.55,28.07,28.15
2020-06-03T11:00:00,27.76,27.84,28.07,28.15
2020-06-03T13:00:00,27.64,27.72,28.04,28.12
2020-06-03T15:00:00,27.4,27.51,27.79,27.87
2020-06-03T17:00:00,27.14,27.22,27.52,27.68
2020-06-03T19:00:00,27.09,27.23,27.31,27.45
2020-06-04T05:00:00,27.4,27.59,27.79,27.94
2020-06-04T07:00:00,26.97,27.05,27.84,27.92
2020-06-04T09:00:00,27.23,27.31,27.72,27.8
2020-06-04T11:00:00,26.64,26.72,27.52,27.6
2020-06-04T13:00:00,26.23,26.31,27.19,27.27
2020-06-04T15:00:00,26.27,26.35,27.18,27.32
2020-06-04T17:00:00,26.63,26.8,27.18,27.34
2020-06-04T19:00:00,26.63,26.93,27.45,27.67
2020-06-05T05:00:00,25.85,26.15,26.44,26.63
2020-06-05T07:00:00,25.98,26.06,26.47,26.55
2020-06-05T09:00:00,26.06,26.14,26.57,26.65
2020-06-05T11:00:00,25.51,25.59,26.63,26.71
2020-06-05T13:00:00,25.44,25.52,25.9,25.98
2020-06-05T15:00:00,25.56,25.64,25.89,25.97
2020-06-05T17:00:00,25.62,25.78,26.05,26.18
2020-06-05T19:00:00,25.66,25.94,25.93,26.22
2020-06-08T05:00:00,25.61,25.76,25.91,25.99
2020-06-08T07:00:00,25.64,25.72,26.1,26.18
2020-06-08T09:00:00,25.52,25.6,25.95,26.03
2020-06-08T11:00:00,25.5,25.58,25.84,25.92
2020-06-08T13:00:00,25.56,25.64,26.46,26.54
2020-06-08T15:00:00,25.84,25.92,26.24,26.32
2020-06-08T17:00:00,26.15,26.23,26.28,26.47
2020-06-08T19:00:00,26.19,26.49,26.64,26.88
2020-06-09T05:00:00,26.39,26.6,26.65,26.77
2020-06-09T07:00:00,26.37,26.45,27.67,27.75
2020-06-09T09:00:00,27.19,27.27,27.85,27.93
2020-06-09T11:00:00,26.95,27.03,27.62,27.7
2020-06-09T13:00:00,27.1,27.18,27.75,27.83
2020-06-09T15:00:00,27.07,27.15,27.84,27.92
2020-06-09T17:00:00,27.23,27.35,27.59,27.76
2020-06-09T19:00:00,27.3,27.53,27.78,28.08
2020-06-10T05:00:00,27.27,27.38,27.53,27.68
2020-06-10T07:00:00,27.16,27.24,27.76,27.84
2020-06-10T09:00:00,27.71,27.79,28.49,28.57
2020-06-10T11:00:00,27.56,27.64,28.06,28.14
2020-06-10T13:00:00,27.6,27.68,28.54,28.62
2020-06-10T15:00:00,27.56,27.64,28.35,28.43
2020-06-10T17:00:00,26.77,26.93,27.95,28.18
2020-06-10T19:00:00,27.29,27.45,27.87,28.17
2020-06-11T05:00:00,29.59,29.67,30.03,30.16
2020-06-11T07:00:00,29.7,29.78,30.41,30.49
2020-06-11T09:00:00,29.73,29.81,30.36,30.44
2020-06-11T11:00:00,30.14,30.22,31.27,31.35
2020-06-11T13:00:00,30.22,30.3,31.52,31.6
2020-06-11T15:00:00,30.93,31.01,33.61,33.72
2020-06-11T17:00:00,32.37,32.53,35.98,36.21
2020-06-11T19:00:00,35.06,35.33,37.7,38.0
2020-06-12T05:00:00,34.23,34.31,35.36,35.57
2020-06-12T07:00:00,32.76,32.84,35.42,35.51
2020-06-12T09:00:00,32.76,32.84,34.0,34.08
2020-06-12T11:00:00,33.35,33.43,34.79,34.87
2020-06-12T13:00:00,33.03,33.11,36.66,36.74
2020-06-12T15:00:00,35.59,35.8,38.38,38.46
2020-06-12T17:00:00,35.15,35.42,38.18,38.4
2020-06-12T19:00:00,33.17,33.36,35.68,35.87
2020-06-15T05:00:00,36.85,37.15,38.28,38.56
2020-06-15T07:00:00,36.73,36.82,38.44,38.53
2020-06-15T09:00:00,36.29,36.38,37.41,37.49
2020-06-15T11:00:00,36.13,36.26,37.03,37.11
2020-06-15T13:00:00,34.64,34.75,36.89,36.98
2020-06-15T15:00:00,33.65,33.81,35.17,35.25
2020-06-15T17:00:00,32.62,32.83,34.27,34.57
2020-06-15T19:00:00,32.59,32.89,34.09,34.39
2020-06-16T05:00:00,30.99,31.21,31.93,32.23
2020-06-16T07:00:00,31.42,31.5,32.44,32.52
2020-06-16T09:00:00,31.59,31.67,32.26,32.34
2020-06-16T11:00:00,30.41,30.5,31.76,31.84
2020-06-16T13:00:00,30.59,30.67,33.07,33.24
2020-06-16T15:00:00,31.4,31.7,33.84,34.06
2020-06-16T17:00:00,31.37,31.67,32.5,32.8
2020-06-16T19:00:00,32.24,32.54,32.86,33.16
2020-06-17T05:00:00,31.81,32.11,32.33,32.63
2020-06-17T07:00:00,31.46,31.72,32.36,32.52
2020-06-17T09:00:00,31.75,31.92,32.58,32.87
2020-06-17T11:00:00,31.63,31.71,32.1,32.18
2020-06-17T13:00:00,31.63,31.71,33.24,33.32
2020-06-17T15:00:00,31.95,32.03,32.91,32.99
2020-06-17T17:00:00,32.0,32.08,32.46,32.54
2020-06-17T19:00:00,32.21,32.29,33.2,33.28
2020-06-18T05:00:00,32.48,32.56,33.53,33.61
2020-06-18T07:00:00,31.88,31.96,32.83,32.91
2020-06-18T09:00:00,31.88,31.96,32.73,32.81
2020-06-18T11:00:00,32.48,32.56,33.49,33.57
2020-06-18T13:00:00,32.54,32.62,33.29,33.37
2020-06-18T15:00:00,32.32,32.4,32.91,32.99
2020-06-18T17:00:00,32.05,32.13,32.56,32.64
2020-06-18T19:00:00,31.86,31.94,32.57,32.65
2020-06-19T05:00:00,31.5,31.58,32.22,32.3
2020-06-19T07:00:00,31.34,31.42,31.93,32.01
2020-06-19T09:00:00,30.99,31.07,31.45,31.53
2020-06-19T11:00:00,30.72,30.8,31.25,31.33
2020-06-19T13:00:00,30.61,30.69,31.24,31.32
2020-06-19T15:00:00,30.86,30.94,33.19,33.27
2020-06-19T17:00:00,32.22,32.3,33.47,33.55
2020-06-19T19:00:00,32.18,32.26,32.87,32.95
2020-06-22T05:00:00,32.34,32.53,33.21,33.51
2020-06-22T07:00:00,31.84,31.92,32.86,32.94
2020-06-22T09:00:00,31.69,31.77,32.42,32.5
2020-06-22T11:00:00,32.07,32.15,32.68,32.76
2020-06-22T13:00:00,32.04,32.12,32.74,32.82
2020-06-22T15:00:00,31.17,31.25,32.49,32.57
2020-06-22T17:00:00,30.98,31.06,31.41,31.49
2020-06-22T19:00:00,30.88,31.13,31.75,31.94
2020-06-23T05:00:00,30.68,30.82,31.3,31.6
2020-06-23T07:00:00,29.96,30.04,31.06,31.14
2020-06-23T09:00:00,29.84,29.92,30.39,30.47
2020-06-23T11:00:00,29.69,29.77,30.16,30.24
2020-06-23T13:00:00,29.79,29.87,30.7,30.78
2020-06-23T15:00:00,29.98,30.06,30.56,30.64
2020-06-23T17:00:00,30.02,30.11,30.39,30.49
2020-06-23T19:00:00,30.17,30.42,30.74,30.92
2020-06-24T05:00:00,30.59,30.67,31.06,31.24
2020-06-24T07:00:00,30.52,30.6,32.26,32.34
2020-06-24T09:00:00,31.44,31.52,32.28,32.36
2020-06-24T11:00:00,31.45,31.53,31.87,31.95
2020-06-24T13:00:00,31.15,31.23,32.73,32.81
2020-06-24T15:00:00,32.5,32.58,34.21,34.29
2020-06-24T17:00:00,32.89,32.99,33.9,34.12
2020-06-24T19:00:00,32.5,32.75,33.45,33.75
2020-06-25T05:00:00,33.33,33.54,33.87,34.13
2020-06-25T07:00:00,32.67,32.75,34.74,34.82
2020-06-25T09:00:00,32.61,32.69,33.34,33.42
2020-06-25T11:00:00,32.9,32.98,33.63,33.71
2020-06-25T13:00:00,32.02,32.1,33.6,33.68
2020-06-25T15:00:00,31.57,31.69,32.83,32.91
2020-06-25T17:00:00,31.57,31.68,32.15,32.35
2020-06-25T19:00:00,30.94,31.13,31.89,32.19
2020-06-26T05:00:00,31.18,31.36,31.59,31.8
2020-06-26T07:00:00,31.17,31.25,31.88,31.96
2020-06-26T09:00:00,30.73,30.81,31.39,31.47
2020-06-26T11:00:00,30.63,30.71,31.48,31.56
2020-06-26T13:00:00,31.1,31.18,33.02,33.1
2020-06-26T15:00:00,32.17,32.25,32.92,33.0
2020-06-26T17:00:00,32.11,32.25,33.26,33.44
2020-06-26T19:00:00,32.54,32.69,33.2,33.36
